"","date","group","amount","salary_change","cpih","cpih_change","diff","cumulative_income_lost","cpih_matched_salary"
"1",2009-09-30,"Consultant",7267.16,0,0,0,0,0,7267.16
"2",2009-10-31,"Consultant",7262.64,-0.0621976122721879,0.100000000000009,0.100000000000009,-0.162197612272196,11.7871600000001,7274.42716
"3",2009-11-30,"Consultant",7264.02,-0.0432080757820031,0.299999999999997,0.199999999999989,-0.343208075782,36.7286399999994,7288.97601432
"4",2009-12-31,"Consultant",7256.37,-0.148476158499331,0.600000000000009,0.300000000000011,-0.748476158499339,91.1215999999999,7310.84294236296
"5",2010-01-31,"Consultant",7254.18,-0.178611727277225,0.5,-0.100000000000009,-0.678611727277225,140.4374,7303.5320994206
"6",2010-02-28,"Consultant",7268.91,0.0240809339549425,0.700000000000003,0.200000000000003,-0.67591906604506,189.55752,7318.13916361944
"7",2010-03-31,"Consultant",7264.48,-0.0368782302852874,1.10000000000001,0.400000000000006,-1.1368782302853,272.176280000001,7347.41172027392
"8",2010-04-30,"Consultant",7276.17,0.123982408533736,1.60000000000001,0.5,-1.47601759146627,379.440840000001,7384.14877887529
"9",2010-05-31,"Consultant",7276.16,0.123844803196847,1.8,0.199999999999989,-1.67615519680315,501.249720000001,7398.91707643304
"10",2010-06-30,"Consultant",7279.42,0.168704143021486,1.90000000000001,0.100000000000009,-1.73129585697852,627.065760000001,7406.31599350947
"11",2010-07-31,"Consultant",7279.29,0.166915273641974,1.7,-0.200000000000003,-1.53308472635803,738.477480000001,7391.50336152245
"12",2010-08-31,"Consultant",7273.42,0.0861409408902545,2.10000000000001,0.400000000000006,-2.01385905910975,884.827840000002,7421.06937496854
"13",2010-09-30,"Consultant",7274.81,0.105268082717328,2.10000000000001,0,-1.99473191728268,1029.7882,7421.06937496854
"14",2010-10-31,"Consultant",7279.18,0.16540161493624,2.3,0.199999999999989,-2.13459838506376,1184.91288,7435.91151371848
"15",2010-11-30,"Consultant",7271.48,0.0594455055344826,2.60000000000001,0.300000000000011,-2.54055449446553,1369.53904,7458.21924825963
"16",2010-12-31,"Consultant",7271.82,0.0641240869885878,3.40000000000001,0.799999999999997,-3.33587591301142,1611.96248,7517.88500224571
"17",2011-01-31,"Consultant",7269.01,0.0254569873238014,3.5,0.0999999999999943,-3.4745430126762,1864.46308,7525.40288724796
"18",2011-02-28,"Consultant",7274.5,0.101002317273875,4,0.5,-3.89899768272613,2147.80948,7563.0299016842
"19",2011-03-31,"Consultant",7272.3,0.0707291431590928,4.3,0.299999999999997,-4.2292708568409,2455.15736,7585.71899138925
"20",2011-04-30,"Consultant",7275.51,0.114900456299302,5,0.700000000000003,-4.8850995437007,2810.16536,7638.81902432897
"21",2011-05-31,"Consultant",7281.42,0.196225210398563,5.2,0.200000000000003,-5.00377478960144,3173.79768,7654.09666237763
"22",2011-06-30,"Consultant",7283.89,0.230213728609257,5.2,0,-4.96978627139075,3534.96,7654.09666237763
"23",2011-07-31,"Consultant",7281.47,0.196913237082993,5.2,0,-5.00308676291701,3898.54232,7654.09666237763
"24",2011-08-31,"Consultant",7286.46,0.265578300188797,5.60000000000001,0.400000000000006,-5.33442169981121,4286.20328,7684.71304902714
"25",2011-09-30,"Consultant",7285.57,0.253331425205993,6.2,0.599999999999994,-5.94666857479401,4718.3572,7730.8213273213
"26",2011-10-31,"Consultant",7308.99,0.575603124191568,6.2,0,-5.62439687580844,5127.09112,7730.8213273213
"27",2011-11-30,"Consultant",7277.36,0.140357443623091,6.40000000000001,0.200000000000003,-6.25964255637691,5581.98936,7746.28296997595
"28",2011-12-31,"Consultant",7270.06,0.0399055476967694,6.7,0.299999999999997,-6.66009445230323,6065.98908,7769.52181888587
"29",2012-01-31,"Consultant",7270.76,0.0495379212787439,6.40000000000001,-0.299999999999997,-6.35046207872126,6527.48732,7746.21325342922
"30",2012-02-29,"Consultant",7273.87,0.0923331810500943,6.90000000000001,0.5,-6.80766681894991,7022.21136,7784.94431969636
"31",2012-03-31,"Consultant",7274.15,0.0961861304828816,7.10000000000001,0.200000000000003,-7.00381386951713,7531.18972,7800.51420833576
"32",2012-04-30,"Consultant",7277.92,0.148063342488678,7.60000000000001,0.5,-7.45193665751133,8072.73388,7839.51677937743
"33",2012-05-31,"Consultant",7290.54,0.321721277638033,7.60000000000001,0,-7.27827872236197,8601.65804000001,7839.51677937743
"34",2012-06-30,"Consultant",7281.58,0.198426895788727,7.3,-0.300000000000011,-7.10157310421127,9117.74072000001,7815.9982290393
"35",2012-07-31,"Consultant",7290.03,0.314703405456876,7.40000000000001,0.100000000000009,-7.08529659454313,9632.64056000001,7823.81422726834
"36",2012-08-31,"Consultant",7279.51,0.169942591053456,7.8,0.399999999999991,-7.63005740894654,10187.12904,7855.10948417741
"37",2012-09-30,"Consultant",7283.63,0.226635989850234,8.10000000000001,0.300000000000011,-7.87336401014977,10759.299,7878.67481262995
"38",2012-10-31,"Consultant",7285.19,0.248102422404347,8.5,0.399999999999991,-8.25189757759565,11358.9776,7910.18951188047
"39",2012-11-30,"Consultant",7284.82,0.243011024939589,8.7,0.200000000000003,-8.45698897506041,11973.56052,7926.00989090423
"40",2012-12-31,"Consultant",7279.4,0.168428932347709,9,0.299999999999997,-8.83157106765229,12615.36492,7949.78792057694
"41",2013-01-31,"Consultant",7280,0.176685252560837,8.7,-0.299999999999997,-8.52331474743917,13234.76784,7925.93855681521
"42",2013-02-28,"Consultant",7277.36,0.140357443623091,9.2,0.5,-9.05964255637691,13893.14656,7965.56824959929
"43",2013-03-31,"Consultant",7278.13,0.150953054563272,9.5,0.299999999999997,-9.34904694543673,14572.55676,7989.46495434808
"44",2013-04-30,"Consultant",7300.7,0.461528299913583,9.7,0.200000000000003,-9.23847170008642,15243.93128,8005.44388425678
"45",2013-05-31,"Consultant",7457.17,2.61463900615922,9.90000000000001,0.200000000000003,-7.28536099384079,15773.37012,8021.45477202529
"46",2013-06-30,"Consultant",7392.59,1.7259837405534,9.7,-0.200000000000003,-7.97401625944661,16352.85464,8005.41186248124
"47",2013-07-31,"Consultant",7388.23,1.66598781367136,9.7,0,-8.03401218632864,16936.69916,8005.41186248124
"48",2013-08-31,"Consultant",7379.2,1.54173019446386,10.1,0.400000000000006,-8.55826980553615,17558.64232,8037.43350993117
"49",2013-09-30,"Consultant",7376.92,1.510356177654,10.4,0.299999999999997,-8.88964382234601,18204.66696,8061.54581046096
"50",2013-10-31,"Consultant",7391.29,1.70809504675829,10.5,0.0999999999999943,-8.7919049532417,18843.58876,8069.60735627142
"51",2013-11-30,"Consultant",7382.83,1.59168093175326,10.5,0,-8.90831906824674,19490.97056,8069.60735627142
"52",2013-12-31,"Consultant",7388.59,1.67094160579924,10.9,0.400000000000006,-9.22905839420076,20161.661,8101.88578569651
"53",2014-01-31,"Consultant",7383.8,1.60502864943114,10.4,-0.5,-8.79497135056886,20800.80564,8061.37635676802
"54",2014-02-28,"Consultant",7380.64,1.56154536297536,10.8,0.399999999999991,-9.23845463702463,21472.17892,8093.6218621951
"55",2014-03-31,"Consultant",7373.93,1.46921218192527,11,0.200000000000003,-9.53078781807473,22164.79652,8109.80910591949
"56",2014-04-30,"Consultant",7395.86,1.77098068571491,11.3,0.299999999999997,-9.52901931428508,22857.2856,8134.13853323724
"57",2014-05-31,"Consultant",7402.42,1.86124978671173,11.3,0,-9.43875021328827,23543.21468,8134.13853323724
"58",2014-06-30,"Consultant",7411.65,1.98825951265694,11.5,0.200000000000003,-9.51174048734306,24234.44808,8150.40681030372
"59",2014-07-31,"Consultant",7411.97,1.99266288343728,11.3,-0.200000000000003,-9.30733711656272,24910.82716,8134.10599668311
"60",2014-08-31,"Consultant",7400.4,1.83345350866088,11.6,0.300000000000011,-9.76654649133913,25620.57772,8158.50831467316
"61",2014-09-30,"Consultant",7404.42,1.88877085408881,11.7,0.0999999999999943,-9.8112291459112,26333.57544,8166.66682298783
"62",2014-10-31,"Consultant",7403.49,1.87597355775846,11.8,0.0999999999999943,-9.92402644224153,27054.77032,8174.83348981082
"63",2014-11-30,"Consultant",7402.92,1.868130053556,11.6,-0.199999999999989,-9.73186994644401,27762.00088,8158.4838228312
"64",2014-12-31,"Consultant",7403.68,1.87858805915929,11.6,0,-9.72141194084072,28468.47144,8158.4838228312
"65",2015-01-31,"Consultant",7396.36,1.77786095255918,10.9,-0.700000000000003,-9.12213904744082,29131.39188,8101.37443607138
"66",2015-02-28,"Consultant",7401.91,1.85423191453057,11.2,0.299999999999997,-9.34576808546943,29810.5638,8125.6785593796
"67",2015-03-31,"Consultant",7402.12,1.85712162660517,11.3,0.0999999999999943,-9.44287837339483,30496.79288,8133.80423793898
"68",2015-04-30,"Consultant",7410.75,1.97587503233726,11.6,0.300000000000011,-9.62412496766275,31196.19344,8158.20565065279
"69",2015-05-31,"Consultant",7411.54,1.9867458539512,11.8,0.199999999999989,-9.81325414604879,31909.33832,8174.5220619541
"70",2015-06-30,"Consultant",7411.74,1.98949796068891,11.8,0,-9.81050203931109,32622.2832,8174.5220619541
"71",2015-07-31,"Consultant",7415.13,2.03614616989306,11.7,-0.0999999999999943,-9.66385383010695,33324.57092,8166.34753989214
"72",2015-08-31,"Consultant",7409.38,1.95702310118396,12,0.299999999999997,-10.042976898816,34054.41012,8190.84658251182
"73",2015-09-30,"Consultant",7407.71,1.9340430099241,11.9,-0.0999999999999943,-9.96595699007591,34778.65216,8182.65573592931
"74",2015-10-31,"Consultant",7416.12,2.04976909824471,12,0.0999999999999943,-9.95023090175529,35501.75136,8190.83839166524
"75",2015-11-30,"Consultant",7416.21,2.05100754627668,12,0,-9.94899245372332,36224.76056,8190.83839166524
"76",2015-12-31,"Consultant",7420.68,2.11251713186445,12.1,0.100000000000009,-9.98748286813556,36950.56692,8199.0292300569
"77",2016-01-31,"Consultant",7411.64,1.98812190732006,11.6,-0.5,-9.61187809267995,37649.07748,8158.03408390662
"78",2016-02-29,"Consultant",7417.11,2.06339202659636,11.8,0.199999999999989,-9.73660797340364,38356.65236,8174.35015207443
"79",2016-03-31,"Consultant",7414.7,2.03022914040698,12.1,0.300000000000011,-10.069770859593,39088.43872,8198.87320253066
"80",2016-04-30,"Consultant",7415.05,2.03504532719797,12.3,0.199999999999989,-10.264954672802,39834.4094,8215.27094893572
"81",2016-05-31,"Consultant",7571.74,4.19118335085508,12.5,0.200000000000003,-8.30881664914492,40438.2244,8231.70149083359
"82",2016-06-30,"Consultant",7505.5,3.27968559932629,12.7,0.200000000000003,-9.42031440067372,41122.81372,8248.16489381526
"83",2016-07-31,"Consultant",7495.11,3.13671365430237,12.6,-0.0999999999999943,-9.46328634569764,41810.52588,8239.91672892144
"84",2016-08-31,"Consultant",7491.89,3.09240473582528,12.9,0.299999999999997,-9.80759526417473,42523.25952,8264.63647910821
"85",2016-09-30,"Consultant",7488.25,3.042316393199,13.2,0.299999999999997,-10.157683606801,43261.43464,8289.43038854553
"86",2016-10-31,"Consultant",7496.12,3.15061179332779,13.3,0.0999999999999943,-10.1493882066722,43999.00692,8297.71981893408
"87",2016-11-30,"Consultant",7492.92,3.10657808552447,13.5,0.200000000000003,-10.3934219144755,44754.31352,8314.31525857195
"88",2016-12-31,"Consultant",7488.02,3.03915147045064,13.9,0.400000000000006,-10.8608485295494,45543.58876,8347.57251960623
"89",2017-01-31,"Consultant",7487.2,3.02786783282603,13.5,-0.400000000000006,-10.472132167174,46304.61536,8314.18222952781
"90",2017-02-28,"Consultant",7497.72,3.17262864722946,14.1,0.600000000000009,-10.9273713527705,47098.72492,8364.06732290498
"91",2017-03-31,"Consultant",7495.59,3.14331871047287,14.4,0.299999999999997,-11.2566812895271,47916.76596,8389.15952487369
"92",2017-04-30,"Consultant",7487.56,3.03282162495391,14.9,0.5,-11.8671783750461,48779.1728,8431.10532249806
"93",2017-05-31,"Consultant",7646.59,5.2211592974422,15.2,0.299999999999997,-9.97884070255781,49504.35112,8456.39863846555
"94",2017-06-30,"Consultant",7570.26,4.17081776099605,15.2,0,-11.029182239004,50305.85944,8456.39863846555
"95",2017-07-31,"Consultant",7569.24,4.15678201663373,15.2,0,-11.0432179833663,51108.38776,8456.39863846555
"96",2017-08-31,"Consultant",7563.34,4.07559486787136,15.7,0.5,-11.6244051321286,51953.15188,8498.68063165788
"97",2017-09-30,"Consultant",7564.7,4.09430919368777,16,0.299999999999997,-11.9056908063122,52818.35748,8524.17667355286
"98",2017-10-31,"Consultant",7580,4.30484535912241,16.1,0.100000000000009,-11.7951546408776,53675.53024,8532.70085022641
"99",2017-11-30,"Consultant",7577.19,4.26617825945761,16.4,0.299999999999997,-12.1338217405424,54557.31448,8558.29895277709
"100",2017-12-31,"Consultant",7573.45,4.21471386346248,16.7,0.299999999999997,-12.4852861365375,55464.6402,8583.97384963542
"101",2018-01-31,"Consultant",7570.49,4.17398268374441,16.2,-0.5,-12.0260173162556,56338.59012,8541.05398038724
"102",2018-02-28,"Consultant",7574.35,4.22709834378217,16.6,0.400000000000006,-12.3729016562178,57237.74868,8575.21819630879
"103",2018-03-31,"Consultant",7578.13,4.27911316112484,16.8,0.199999999999989,-12.5208868388752,58147.66156,8592.36863270141
"104",2018-04-30,"Consultant",7603.94,4.63427253562602,17.2,0.400000000000006,-12.565727464374,59060.83308,8626.73810723222
"105",2018-05-31,"Consultant",7609,4.70390083609003,17.6,0.400000000000006,-12.89609916391,59998.01324,8661.24505966115
"106",2018-06-30,"Consultant",7605.17,4.65119799206293,17.6,0,-12.9488020079371,60939.0234,8661.24505966115
"107",2018-07-31,"Consultant",7599.37,4.5713868966694,17.6,0,-13.0286131033306,61885.83356,8661.24505966115
"108",2018-08-31,"Consultant",7614.78,4.78343672080978,18.2,0.599999999999994,-13.4165632791902,62860.83668,8713.21253001911
"109",2018-09-30,"Consultant",7608.59,4.69825901727773,18.3,0.0999999999999943,-13.6017409827223,63849.29696,8721.92574254913
"110",2018-10-31,"Consultant",7726.18,6.31636017371298,18.4,0.100000000000009,-12.083639826287,64727.4344,8730.64766829168
"111",2018-11-30,"Consultant",7723.62,6.28113320747032,18.6,0.200000000000003,-12.3188667925297,65622.66616,8748.10896362826
"112",2018-12-31,"Consultant",7718.1,6.20517506150959,18.8,0.199999999999989,-12.5948249384904,66537.95224,8765.60518155552
"113",2019-01-31,"Consultant",7722.41,6.26448296170719,18.1,-0.699999999999989,-11.8355170382928,67398.0582,8704.24594528463
"114",2019-02-28,"Consultant",7724.95,6.29943471727607,18.5,0.399999999999991,-12.2005652827239,68284.6928,8739.06292906577
"115",2019-03-31,"Consultant",7721.57,6.25292411340881,18.7,0.200000000000003,-12.4470758865912,69189.24172,8756.5410549239
"116",2019-04-30,"Consultant",7733.25,6.41364714689095,19.3,0.599999999999994,-12.886352853109,70125.7136,8809.08030125344
"117",2019-05-31,"Consultant",7746.13,6.59088282079933,19.6,0.300000000000011,-13.0091171792007,71071.10696,8835.50754215721
"118",2019-06-30,"Consultant",7747.16,6.60505617049852,19.6,0,-12.9949438295015,72015.47032,8835.50754215721
"119",2019-07-31,"Consultant",7736.51,6.45850648671559,19.7,0.0999999999999943,-13.2414935132844,72977.75084,8844.34304969936
"120",2019-08-31,"Consultant",7735.67,6.44694763841721,20,0.299999999999997,-13.5530523615828,73962.67284,8870.87607884846
"121",2019-09-30,"Consultant",8855.32,21.8539291827894,20.1,0.100000000000009,1.75392918278942,73835.212,8879.74695492731
"122",2019-10-31,"Consultant",7959.62,9.52861915796542,20,-0.100000000000009,-10.4713808420346,74596.184,8870.86720797238
"123",2019-11-30,"Consultant",7936.7,9.21322772582412,20.2,0.200000000000003,-10.9867722741759,75394.61032,8888.60894238833
"124",2019-12-31,"Consultant",7935.81,9.20098085084133,20.2,0,-10.9990191491587,76193.92664,8888.60894238833
"125",2020-01-31,"Consultant",7934.91,9.18859637052164,20,-0.200000000000003,-10.8114036294784,76979.60864,8870.83172450355
"126",2020-02-29,"Consultant",7941.84,9.28395686898321,20.3,0.299999999999997,-11.0160431310168,77780.16212,8897.44421967706
"127",2020-03-31,"Consultant",7942.3,9.29028671447994,20.3,0,-11.0097132855201,78580.2556,8897.44421967706
"128",2020-04-30,"Consultant",7924.2,9.04122105471739,20.3,0,-11.2587789452826,79398.44908,8897.44421967706
"129",2020-05-31,"Consultant",7960.23,9.53701308351543,20.3,0,-10.7629869164846,80180.61256,8897.44421967706
"130",2020-06-30,"Consultant",7962.99,9.5749921564958,20.5,0.200000000000003,-10.9250078435042,80974.55036,8915.23910811641
"131",2020-07-31,"Consultant",7952.02,9.42403910193254,20.9,0.400000000000006,-11.4759608980675,81808.5268,8950.90006454888
"132",2020-08-31,"Consultant",7946.63,9.34986982535131,20.5,-0.400000000000006,-11.1501301746487,82618.8246,8915.09646429068
"133",2020-09-30,"Consultant",9222.73,26.9096868652954,20.9,0.400000000000006,6.00968686529538,82182.09104,8950.75685014785
"134",2020-10-31,"Consultant",8189.07,12.6859736128006,20.9,0,-8.21402638719941,82779.01748,8950.75685014785
"135",2020-11-30,"Consultant",8172.95,12.4641538097414,20.8,-0.100000000000009,-8.33584619025864,83384.79676,8941.8060932977
"136",2020-12-31,"Consultant",8161.2,12.302467538901,21.1,0.300000000000011,-8.79753246109898,84024.12752,8968.63151157759
"137",2021-01-31,"Consultant",8165.25,12.3581977003396,21,-0.100000000000009,-8.64180229966039,84652.14112,8959.66288006601
"138",2021-02-28,"Consultant",8172.22,12.4541086201487,21.1,0.100000000000009,-8.64589137985128,85280.45188,8968.62254294608
"139",2021-03-31,"Consultant",8180.32,12.5655689430259,21.4,0.299999999999997,-8.83443105697412,85922.46412,8995.52841057492
"140",2021-04-30,"Consultant",8183.5,12.6093274401554,22.1,0.700000000000003,-9.49067255984457,86612.16648,9058.49710944894
"141",2021-05-31,"Consultant",8183.63,12.611116309535,22.7,0.599999999999994,-10.088883690465,87345.3418,9112.84809210564
"142",2021-06-30,"Consultant",8171.78,12.4480539853258,23.1,0.400000000000006,-10.6519460146742,88119.43576,9149.29948447406
"143",2021-07-31,"Consultant",8181.74,12.5851089008636,23.1,0,-10.5148910991364,88883.56972,9149.29948447406
"144",2021-08-31,"Consultant",8167.66,12.391360586529,23.8,0.699999999999989,-11.408639413471,89712.6538,9213.34458086538
"145",2021-09-30,"Consultant",9601.63,32.1235530798826,24.1,0.300000000000011,8.02355307988263,89129.56936,9240.98461460797
"146",2021-10-31,"Consultant",8429.07,15.9885016980499,25.1,1,-9.11149830195015,89791.71652,9333.39446075405
"147",2021-11-30,"Consultant",8427.65,15.9689617402121,25.8,0.699999999999989,-9.83103825978787,90506.1538,9398.72822197933
"148",2021-12-31,"Consultant",8432.91,16.0413421474138,26.382,0.582000000000008,-10.3406578525862,91257.6259512,9453.42882023125
"149",2009-09-30,"Specialty Registrar",3164.32,0,0,0,0,0,3164.32
"150",2009-10-31,"Specialty Registrar",3137.25,-0.855476058047232,0.100000000000009,0.100000000000009,-0.95547605804724,30.2343200000004,3167.48432
"151",2009-11-30,"Specialty Registrar",3170.92,0.208575618142284,0.299999999999997,0.199999999999989,-0.0914243818577135,33.1272800000004,3173.81928864
"152",2009-12-31,"Specialty Registrar",3153.56,-0.340041462304704,0.600000000000009,0.300000000000011,-0.940041462304713,62.8732000000009,3183.34074650592
"153",2010-01-31,"Specialty Registrar",3163.06,-0.0398189816453525,0.5,-0.100000000000009,-0.539818981645352,79.9548000000011,3180.15740575941
"154",2010-02-28,"Specialty Registrar",3149.72,-0.461394549223857,0.700000000000003,0.200000000000003,-1.16139454922386,116.705040000002,3186.51772057093
"155",2010-03-31,"Specialty Registrar",3182.87,0.586223896445357,1.10000000000001,0.400000000000006,-0.513776103554651,132.962560000002,3199.26379145322
"156",2010-04-30,"Specialty Registrar",3153.77,-0.333404965363812,1.60000000000001,0.5,-1.93340496536382,194.141680000003,3215.26011041048
"157",2010-05-31,"Specialty Registrar",3241.27,2.43180209334074,1.8,0.199999999999989,0.631802093340746,174.149440000003,3221.6906306313
"158",2010-06-30,"Specialty Registrar",3216.83,1.65944025888658,1.90000000000001,0.100000000000009,-0.240559741113428,181.761520000003,3224.91232126194
"159",2010-07-31,"Specialty Registrar",3206.44,1.33109167214441,1.7,-0.200000000000003,-0.368908327855596,193.434960000003,3218.46249661941
"160",2010-08-31,"Specialty Registrar",3104.32,-1.8961419831117,2.10000000000001,0.400000000000006,-3.9961419831117,319.885680000004,3231.33634660589
"161",2010-09-30,"Specialty Registrar",3215.83,1.62783789250138,2.10000000000001,0,-0.472162107498626,334.826400000004,3231.33634660589
"162",2010-10-31,"Specialty Registrar",3193.6,0.925317287758499,2.3,0.199999999999989,-1.3746827122415,378.325760000004,3237.7990192991
"163",2010-11-30,"Specialty Registrar",3230.98,2.10661374323709,2.60000000000001,0.300000000000011,-0.493386256762919,393.938080000005,3247.512416357
"164",2010-12-31,"Specialty Registrar",3217.36,1.67618951307074,3.40000000000001,0.799999999999997,-1.72381048692927,448.484960000005,3273.49251568785
"165",2011-01-31,"Specialty Registrar",3219.24,1.73560196187489,3.5,0.0999999999999943,-1.76439803812511,504.316160000005,3276.76600820354
"166",2011-02-28,"Specialty Registrar",3204.81,1.27957981493654,4,0.5,-2.72042018506346,590.398960000005,3293.14983824456
"167",2011-03-31,"Specialty Registrar",3225.91,1.94638974566415,4.3,0.299999999999997,-2.35361025433585,664.874720000006,3303.02928775929
"168",2011-04-30,"Specialty Registrar",3207.65,1.36933053547049,5,0.700000000000003,-3.63066946452951,779.760720000006,3326.15049277361
"169",2011-05-31,"Specialty Registrar",3230.94,2.10534964858168,5.2,0.200000000000003,-3.09465035141832,877.685360000006,3332.80279375916
"170",2011-06-30,"Specialty Registrar",3227.69,2.0026419578298,5.2,0,-3.1973580421702,978.860000000006,3332.80279375916
"171",2011-07-31,"Specialty Registrar",3226.53,1.96598321282298,5.2,0,-3.23401678717703,1081.19464000001,3332.80279375916
"172",2011-08-31,"Specialty Registrar",3145.24,-0.602973150629531,5.60000000000001,0.400000000000006,-6.20297315062954,1277.47656000001,3346.13400493419
"173",2011-09-30,"Specialty Registrar",3220.89,1.78774586641047,6.2,0.599999999999994,-4.41225413358953,1417.09440000001,3366.2108089638
"174",2011-10-31,"Specialty Registrar",3214.41,1.5829625322344,6.2,0,-4.6170374677656,1563.19224000001,3366.2108089638
"175",2011-11-30,"Specialty Registrar",3248.14,2.64891035040703,6.40000000000001,0.200000000000003,-3.75108964959298,1681.88872000001,3372.94323058173
"176",2011-12-31,"Specialty Registrar",3214.11,1.57348182231885,6.7,0.299999999999997,-5.12651817768115,1844.10816000001,3383.06206027347
"177",2012-01-31,"Specialty Registrar",3230.6,2.09460484401071,6.40000000000001,-0.299999999999997,-4.30539515598929,1980.34464000001,3372.91287409265
"178",2012-02-29,"Specialty Registrar",3226.13,1.9533422662689,6.90000000000001,0.5,-4.94665773373111,2136.87272000001,3389.77743846311
"179",2012-03-31,"Specialty Registrar",3229.25,2.0519416493907,7.10000000000001,0.200000000000003,-5.04805835060931,2296.60944000001,3396.55699334004
"180",2012-04-30,"Specialty Registrar",3222.39,1.83514941598826,7.60000000000001,0.5,-5.76485058401175,2479.02776000001,3413.53977830674
"181",2012-05-31,"Specialty Registrar",3239.59,2.37871011781362,7.60000000000001,0,-5.22128988218639,2644.24608000001,3413.53977830674
"182",2012-06-30,"Specialty Registrar",3236.44,2.27916266370025,7.3,-0.300000000000011,-5.02083733629974,2803.12144000001,3403.29915897182
"183",2012-07-31,"Specialty Registrar",3231.26,2.11546240582495,7.40000000000001,0.100000000000009,-5.28453759417506,2970.34112000001,3406.70245813079
"184",2012-08-31,"Specialty Registrar",3221.55,1.80860342822471,7.8,0.399999999999991,-5.99139657177529,3159.92808000001,3420.32926796331
"185",2012-09-30,"Specialty Registrar",3237.49,2.3123451484047,8.10000000000001,0.300000000000011,-5.78765485159531,3343.06800000001,3430.5902557672
"186",2012-10-31,"Specialty Registrar",3236.08,2.26778581180158,8.5,0.399999999999991,-6.23221418819842,3540.27520000001,3444.31261679027
"187",2012-11-30,"Specialty Registrar",3243.29,2.49563887343884,8.7,0.200000000000003,-6.20436112656117,3736.60104000001,3451.20124202385
"188",2012-12-31,"Specialty Registrar",3222.01,1.8231405167619,9,0.299999999999997,-7.1768594832381,3963.69984000001,3461.55484574992
"189",2013-01-31,"Specialty Registrar",3236.3,2.27473833240633,8.7,-0.299999999999997,-6.42526166759367,4167.01568000001,3451.17018121268
"190",2013-02-28,"Specialty Registrar",3185.65,0.674078474996205,9.2,0.5,-8.5259215250038,4436.80312000001,3468.42603211874
"191",2013-03-31,"Specialty Registrar",3235.99,2.26494159882691,9.5,0.299999999999997,-7.23505840117309,4665.74352000001,3478.83131021509
"192",2013-04-30,"Specialty Registrar",3229.24,2.05162562572684,9.7,0.200000000000003,-7.64837437427316,4907.76256000001,3485.78897283552
"193",2013-05-31,"Specialty Registrar",3309.58,4.59055974111341,9.90000000000001,0.200000000000003,-5.3094402588866,5075.77024000001,3492.7605507812
"194",2013-06-30,"Specialty Registrar",3267.84,3.27147696819538,9.7,-0.200000000000003,-6.42852303180462,5279.18928000001,3485.77502967963
"195",2013-07-31,"Specialty Registrar",3270.39,3.35206300247762,9.7,0,-6.34793699752239,5480.05832000001,3485.77502967963
"196",2013-08-31,"Specialty Registrar",3145.79,-0.585591849117668,10.1,0.400000000000006,-10.6855918491177,5818.18464000001,3499.71812979835
"197",2013-09-30,"Specialty Registrar",3275.62,3.51734337867219,10.4,0.299999999999997,-6.88265662132782,6035.97392000001,3510.21728418775
"198",2013-10-31,"Specialty Registrar",3267.68,3.26642058957374,10.5,0.0999999999999943,-7.23357941042626,6264.86752000001,3513.72750147193
"199",2013-11-30,"Specialty Registrar",3268.12,3.28032563078322,10.5,0,-7.21967436921678,6493.32112000002,3513.72750147193
"200",2013-12-31,"Specialty Registrar",3254.6,2.85306163725539,10.9,0.400000000000006,-8.04693836274462,6747.95200000002,3527.78241147782
"201",2014-01-31,"Specialty Registrar",3256.83,2.92353491429437,10.4,-0.5,-7.47646508570563,6984.53128000002,3510.14349942043
"202",2014-02-28,"Specialty Registrar",3212.74,1.53018658037113,10.8,0.399999999999991,-9.26981341962887,7277.85784000002,3524.18407341811
"203",2014-03-31,"Specialty Registrar",3263.56,3.13621884006674,11,0.200000000000003,-7.86378115993326,7526.69304000002,3531.23244156495
"204",2014-04-30,"Specialty Registrar",3263.97,3.14917581028466,11.3,0.299999999999997,-8.15082418971534,7784.61120000002,3541.82613888965
"205",2014-05-31,"Specialty Registrar",3272.08,3.4054710016686,11.3,0,-7.8945289983314,8034.41936000002,3541.82613888965
"206",2014-06-30,"Specialty Registrar",3268.95,3.30655559488293,11.5,0.200000000000003,-8.19344440511707,8293.68616000002,3548.90979116743
"207",2014-07-31,"Specialty Registrar",3262.35,3.09797997674065,11.3,-0.200000000000003,-8.20202002325935,8553.22432000002,3541.81197158509
"208",2014-08-31,"Specialty Registrar",3123.8,-1.2805278859281,11.6,0.300000000000011,-12.8805278859281,8960.80544000002,3552.43740749985
"209",2014-09-30,"Specialty Registrar",3273.67,3.45571876422106,11.7,0.0999999999999943,-8.24428123577894,9221.68088000002,3555.98984490735
"210",2014-10-31,"Specialty Registrar",3272.9,3.43138494210446,11.8,0.0999999999999943,-8.36861505789554,9486.49064000002,3559.54583475225
"211",2014-11-30,"Specialty Registrar",3269.92,3.33720989027658,11.6,-0.199999999999989,-8.26279010972343,9747.95176000002,3552.42674308275
"212",2014-12-31,"Specialty Registrar",3255.73,2.88877231127066,11.6,0,-8.71122768872934,10023.60288,3552.42674308275
"213",2015-01-31,"Specialty Registrar",3259.9,3.02055417909693,10.9,-0.700000000000003,-7.87944582090308,10272.93376,3527.55975588117
"214",2015-02-28,"Specialty Registrar",3223.68,1.87591646862516,11.2,0.299999999999997,-9.32408353137484,10567.9776,3538.14243514881
"215",2015-03-31,"Specialty Registrar",3266.66,3.23418617586084,11.3,0.0999999999999943,-8.06581382413916,10823.20576,3541.68057758396
"216",2015-04-30,"Specialty Registrar",3264.8,3.17540577438439,11.6,0.300000000000011,-8.42459422561562,11089.78688,3552.30561931671
"217",2015-05-31,"Specialty Registrar",3268.49,3.29201850634574,11.8,0.199999999999989,-8.50798149365425,11359.00664,3559.41023055535
"218",2015-06-30,"Specialty Registrar",3266.78,3.23797845982707,11.8,0,-8.56202154017292,11629.9364,3559.41023055535
"219",2015-07-31,"Specialty Registrar",3263.64,3.13874702937755,11.7,-0.0999999999999943,-8.56125297062245,11900.84184,3555.85082032479
"220",2015-08-31,"Specialty Registrar",3127.96,-1.14906204176569,12,0.299999999999997,-13.1490620417657,12316.92024,3566.51837278577
"221",2015-09-30,"Specialty Registrar",3259.62,3.01170551650907,11.9,-0.0999999999999943,-8.88829448349094,12598.17432,3562.95185441298
"222",2015-10-31,"Specialty Registrar",3254.18,2.83978864337361,12,0.0999999999999943,-9.16021135662639,12888.03272,3566.51480626739
"223",2015-11-30,"Specialty Registrar",3290.39,3.98411033018151,12,0,-8.01588966981848,13141.68112,3566.51480626739
"224",2015-12-31,"Specialty Registrar",3273.56,3.45224250391869,12.1,0.100000000000009,-8.64775749608132,13415.32384,3570.08132107366
"225",2016-01-31,"Specialty Registrar",3274.94,3.49585376953026,11.6,-0.5,-8.10414623046975,13671.76496,3552.23091446829
"226",2016-02-29,"Specialty Registrar",3226.2,1.95555443191585,11.8,0.199999999999989,-9.84444556808415,13983.27472,3559.33537629723
"227",2016-03-31,"Specialty Registrar",3244.81,2.54367447034433,12.1,0.300000000000011,-9.55632552965568,14285.66744,3570.01338242612
"228",2016-04-30,"Specialty Registrar",3216.83,1.65944025888658,12.3,0.199999999999989,-10.6405597411134,14622.3688,3577.15340919097
"229",2016-05-31,"Specialty Registrar",3266.59,3.23197401021388,12.5,0.200000000000003,-9.26802598978612,14915.6388,3584.30771600935
"230",2016-06-30,"Specialty Registrar",3296.88,4.18920968802144,12.7,0.200000000000003,-8.51079031197857,15184.94744,3591.47633144137
"231",2016-07-31,"Specialty Registrar",3304.08,4.41674672599483,12.6,-0.0999999999999943,-8.18325327400517,15443.89176,3587.88485510993
"232",2016-08-31,"Specialty Registrar",3232.25,2.14674874854629,12.9,0.299999999999997,-10.7532512514537,15784.15904,3598.64850967526
"233",2016-09-30,"Specialty Registrar",3313.31,4.70843656773018,13.2,0.299999999999997,-8.49156343226982,16052.85928,3609.44445520429
"234",2016-10-31,"Specialty Registrar",3313.52,4.71507306467108,13.3,0.0999999999999943,-8.58492693532892,16324.51384,3613.05389965949
"235",2016-11-30,"Specialty Registrar",3338.67,5.50987257925873,13.5,0.200000000000003,-7.99012742074127,16577.34704,3620.28000745881
"236",2016-12-31,"Specialty Registrar",3317.26,4.83326591495171,13.9,0.400000000000006,-9.06673408504829,16864.24752,3634.76112748865
"237",2017-01-31,"Specialty Registrar",3319.47,4.90310714466298,13.5,-0.400000000000006,-8.59689285533702,17136.28072,3620.22208297869
"238",2017-02-28,"Specialty Registrar",3321.94,4.98116498963442,14.1,0.600000000000009,-9.11883501036559,17424.82984,3641.94341547656
"239",2017-03-31,"Specialty Registrar",3325.34,5.08861303534409,14.4,0.299999999999997,-9.31138696465592,17719.47192,3652.86924572299
"240",2017-04-30,"Specialty Registrar",3323.13,5.0187718056328,14.9,0.5,-9.8812281943672,18032.1456,3671.13359195161
"241",2017-05-31,"Specialty Registrar",3409.89,7.76059311321231,15.2,0.299999999999997,-7.43940688678769,18267.55224,3682.14699272746
"242",2017-06-30,"Specialty Registrar",3369.23,6.47564089599029,15.2,0,-8.72435910400972,18543.61888,3682.14699272746
"243",2017-07-31,"Specialty Registrar",3367.5,6.4209688021439,15.2,0,-8.7790311978561,18821.41552,3682.14699272746
"244",2017-08-31,"Specialty Registrar",3403.28,7.55170147140618,15.7,0.5,-8.14829852859382,19079.25376,3700.5577276911
"245",2017-09-30,"Specialty Registrar",3485.04,10.1355109470597,16,0.299999999999997,-5.86448905294029,19264.82496,3711.65940087417
"246",2017-10-31,"Specialty Registrar",3501.93,10.6692749153056,16.1,0.100000000000009,-5.43072508469436,19436.67048,3715.37106027505
"247",2017-11-30,"Specialty Registrar",3530.03,11.5573014107296,16.4,0.299999999999997,-4.84269858927037,19589.90896,3726.51717345587
"248",2017-12-31,"Specialty Registrar",3515.88,11.1101279263791,16.7,0.299999999999997,-5.58987207362088,19766.7904,3737.69672497624
"249",2018-01-31,"Specialty Registrar",3489.03,10.2616043889366,16.2,-0.5,-5.93839561106336,19954.70024,3719.00824135136
"250",2018-02-28,"Specialty Registrar",3441.34,8.7544875360267,16.6,0.400000000000006,-7.84551246397331,20202.95736,3733.88427431676
"251",2018-03-31,"Specialty Registrar",3519.72,11.2314810132983,16.8,0.199999999999989,-5.56851898670173,20379.16312,3741.3520428654
"252",2018-04-30,"Specialty Registrar",3522.86,11.3307124437478,17.2,0.400000000000006,-5.86928755625222,20564.88616,3756.31745103686
"253",2018-05-31,"Specialty Registrar",3529.06,11.526647115336,17.6,0.400000000000006,-6.07335288466402,20757.06648,3771.34272084101
"254",2018-06-30,"Specialty Registrar",3524.78,11.3913889872074,17.6,0,-6.20861101279265,20953.5268,3771.34272084101
"255",2018-07-31,"Specialty Registrar",3517.83,11.1717525408302,17.6,0,-6.42824745916976,21156.93712,3771.34272084101
"256",2018-08-31,"Specialty Registrar",3549.54,12.1738635789048,18.2,0.599999999999994,-6.02613642109522,21347.62336,3793.97077716605
"257",2018-09-30,"Specialty Registrar",3573.87,12.9427491530566,18.3,0.0999999999999943,-5.35725084694343,21517.14392,3797.76474794322
"258",2018-10-31,"Specialty Registrar",3646.16,15.2272842190423,18.4,0.100000000000009,-3.17271578095769,21617.5388,3801.56251269116
"259",2018-11-30,"Specialty Registrar",3650.62,15.3682307731203,18.6,0.200000000000003,-3.23176922687973,21719.80232,3809.16563771654
"260",2018-12-31,"Specialty Registrar",3644.7,15.1811447641199,18.8,0.199999999999989,-3.61885523588007,21834.31448,3816.78396899198
"261",2019-01-31,"Specialty Registrar",3640.03,15.0335617131011,18.1,-0.699999999999989,-3.06643828689893,21931.3464,3790.06648120903
"262",2019-02-28,"Specialty Registrar",3600.24,13.7761035546342,18.5,0.399999999999991,-4.72389644536584,22080.8256,3805.22674713387
"263",2019-03-31,"Specialty Registrar",3641.49,15.0797011680234,18.7,0.200000000000003,-3.62029883197655,22195.38344,3812.83720062814
"264",2019-04-30,"Specialty Registrar",3639.93,15.0304014764625,19.3,0.599999999999994,-4.26959852353745,22330.4872,3835.71422383191
"265",2019-05-31,"Specialty Registrar",3642.64,15.1160438893664,19.6,0.300000000000011,-4.48395611063358,22472.37392,3847.2213665034
"266",2019-06-30,"Specialty Registrar",3638.21,14.97604540628,19.6,0,-4.62395459371999,22618.69064,3847.2213665034
"267",2019-07-31,"Specialty Registrar",3636.94,14.9359104009708,19.7,0.0999999999999943,-4.76408959902918,22769.44168,3851.06858786991
"268",2019-08-31,"Specialty Registrar",3489.28,10.2695049805329,20,0.299999999999997,-9.73049501946706,23077.34568,3862.62179363351
"269",2019-09-30,"Specialty Registrar",4040.71,27.695997876321,20.1,0.100000000000009,7.59599787632096,22836.984,3866.48441542715
"270",2019-10-31,"Specialty Registrar",3737.42,18.1113161753552,20,-0.100000000000009,-1.88868382464479,22896.748,3862.61793101172
"271",2019-11-30,"Specialty Registrar",3735.78,18.0594882944835,20.2,0.200000000000003,-2.14051170551651,22964.48064,3870.34316687374
"272",2019-12-31,"Specialty Registrar",3733.41,17.9845906861506,20.2,0,-2.21540931384943,23034.58328,3870.34316687374
"273",2020-01-31,"Specialty Registrar",3735.23,18.0421069929716,20,-0.200000000000003,-1.95789300702837,23096.53728,3862.60248054
"274",2020-02-29,"Specialty Registrar",3690.49,16.628217120898,20.3,0.299999999999997,-3.671782879102,23212.72424,3874.19028798162
"275",2020-03-31,"Specialty Registrar",3733.68,17.9931233250746,20.3,0,-2.30687667492543,23285.7212,3874.19028798162
"276",2020-04-30,"Specialty Registrar",3808.06,20.3437073368054,20.3,0,0.043707336805376,23284.33816,3874.19028798162
"277",2020-05-31,"Specialty Registrar",3823.27,20.8243793295242,20.3,0,0.524379329524191,23267.74512,3874.19028798162
"278",2020-06-30,"Specialty Registrar",3816.6,20.6135915457349,20.5,0.200000000000003,0.113591545734934,23264.15072,3881.93866855758
"279",2020-07-31,"Specialty Registrar",3813.13,20.5039313343783,20.9,0.400000000000006,-0.396068665621691,23276.6836,3897.46642323181
"280",2020-08-31,"Specialty Registrar",3687.85,16.5447868736411,20.5,-0.400000000000006,-3.95521312635891,23401.8392,3881.87655753888
"281",2020-09-30,"Specialty Registrar",3797.07,19.9963973302321,20.9,0.400000000000006,-0.90360266976792,23430.43208,3897.40406376904
"282",2020-10-31,"Specialty Registrar",3791.36,19.8159478181726,20.9,0,-1.08405218182738,23464.73496,3897.40406376904
"283",2020-11-30,"Specialty Registrar",3850.11,21.6725868433028,20.8,-0.100000000000009,0.872586843302827,23437.12352,3893.50665970527
"284",2020-12-31,"Specialty Registrar",3838.11,21.2933584466805,21.1,0.300000000000011,0.193358446680477,23431.00504,3905.18717968439
"285",2021-01-31,"Specialty Registrar",3842.3,21.4257723618345,21,-0.100000000000009,0.425772361834454,23417.53224,3901.2819925047
"286",2021-02-28,"Specialty Registrar",3826.34,20.9213985943267,21.1,0.100000000000009,-0.178601405673266,23423.18376,3905.18327449721
"287",2021-03-31,"Specialty Registrar",3847.99,21.6055898265662,21.4,0.299999999999997,0.205589826566193,23416.67824,3916.8988243207
"288",2021-04-30,"Specialty Registrar",3911.25,23.6047555240936,22.1,0.700000000000003,1.50475552409363,23369.06296,3944.31711609094
"289",2021-05-31,"Specialty Registrar",3922.27,23.9530136016585,22.7,0.599999999999994,1.25301360165848,23329.4136,3967.98301878749
"290",2021-06-30,"Specialty Registrar",3922.95,23.9745032108004,23.1,0.400000000000006,0.874503210800405,23301.74152,3983.85495086264
"291",2021-07-31,"Specialty Registrar",3920.39,23.8936011528543,23.1,0,0.793601152854308,23276.62944,3983.85495086264
"292",2021-08-31,"Specialty Registrar",3827.91,20.9710143095515,23.8,0.699999999999989,-2.82898569044851,23366.1476,4011.74193551868
"293",2021-09-30,"Specialty Registrar",3928.19,24.1400996106588,24.1,0.300000000000011,0.0400996106588316,23364.87872,4023.77716132523
"294",2021-10-31,"Specialty Registrar",3941.7,24.5670475805228,25.1,1,-0.532952419477191,23381.74304,4064.01493293848
"295",2021-11-30,"Specialty Registrar",3990.01,26.0937579005916,25.8,0.699999999999989,0.293757900591597,23372.4476,4092.46303746905
"296",2021-12-31,"Specialty Registrar",3989.69,26.0836451433483,26.382,0.582000000000008,-0.298354856651677,23381.8885024,4116.28117234712
"297",2009-09-30,"Core Training",2668.71,0,0,0,0,0,2668.71
"298",2009-10-31,"Core Training",2653.21,-0.580804958200779,0.100000000000009,0.100000000000009,-0.680804958200787,18.1687100000002,2671.37871
"299",2009-11-30,"Core Training",2668.93,0.00824368327768097,0.299999999999997,0.199999999999989,-0.291756316722316,25.9548400000004,2676.72146742
"300",2009-12-31,"Core Training",2667.98,-0.0273540399668761,0.600000000000009,0.300000000000011,-0.627354039966885,42.6971000000006,2684.75163182226
"301",2010-01-31,"Core Training",2669.45,0.0277287528431258,0.5,-0.100000000000009,-0.472271247156874,55.3006500000008,2682.06688019044
"302",2010-02-28,"Core Training",2662.13,-0.246561072578134,0.700000000000003,0.200000000000003,-0.946561072578137,80.5616200000008,2687.43101395082
"303",2010-03-31,"Core Training",2679.99,0.422676124419654,1.10000000000001,0.400000000000006,-0.677323875580355,98.6374300000013,2698.18073800662
"304",2010-04-30,"Core Training",2656.94,-0.441037055356333,1.60000000000001,0.5,-2.04103705535634,153.106790000002,2711.67164169666
"305",2010-05-31,"Core Training",2731.57,2.35544514016136,1.8,0.199999999999989,0.555445140161359,138.283570000001,2717.09498498005
"306",2010-06-30,"Core Training",2712.41,1.63749526924993,1.90000000000001,0.100000000000009,-0.262504730750075,145.289060000002,2719.81207996503
"307",2010-07-31,"Core Training",2708.13,1.47711815821127,1.7,-0.200000000000003,-0.222881841788729,151.237130000002,2714.3724558051
"308",2010-08-31,"Core Training",2598.37,-2.63573037160276,2.10000000000001,0.400000000000006,-4.73573037160277,277.620040000002,2725.22994562832
"309",2010-09-30,"Core Training",2691.25,0.844602823086808,2.10000000000001,0,-1.2553971769132,311.122950000002,2725.22994562832
"310",2010-10-31,"Core Training",2690.6,0.820246486129998,2.3,0.199999999999989,-1.47975351387,350.613280000002,2730.68040551957
"311",2010-11-30,"Core Training",2698.2,1.10502827208651,2.60000000000001,0.300000000000011,-1.4949717279135,390.509740000003,2738.87244673613
"312",2010-12-31,"Core Training",2700.68,1.19795706539863,3.40000000000001,0.799999999999997,-2.20204293460138,449.275880000003,2760.78342631002
"313",2011-01-31,"Core Training",2699.26,1.14474783696993,3.5,0.0999999999999943,-2.35525216303007,512.130730000003,2763.54420973633
"314",2011-02-28,"Core Training",2693.8,0.94015460653275,4,0.5,-3.05984539346725,593.789130000003,2777.36193078501
"315",2011-03-31,"Core Training",2701.62,1.23318007576694,4.3,0.299999999999997,-3.06681992423306,675.633660000003,2785.69401657737
"316",2011-04-30,"Core Training",2685.78,0.63963487977338,5,0.700000000000003,-4.36036512022662,791.999160000003,2805.19387469341
"317",2011-05-31,"Core Training",2704.39,1.33697554249056,5.2,0.200000000000003,-3.86302445750944,895.092080000003,2810.8042624428
"318",2011-06-30,"Core Training",2705.11,1.36395486958119,5.2,0,-3.83604513041882,997.465000000003,2810.8042624428
"319",2011-07-31,"Core Training",2704.05,1.32423530469778,5.2,0,-3.87576469530222,1100.89792,2810.8042624428
"320",2011-08-31,"Core Training",2625.05,-1.6359964177449,5.60000000000001,0.400000000000006,-7.23599641774491,1294.00568,2822.04747949257
"321",2011-09-30,"Core Training",2688.02,0.723570564055291,6.2,0.599999999999994,-5.47642943594471,1440.1557,2838.97976436952
"322",2011-10-31,"Core Training",2686.18,0.654623394823709,6.2,0,-5.54537660517629,1588.14572,2838.97976436952
"323",2011-11-30,"Core Training",2696.16,1.02858684532976,6.40000000000001,0.200000000000003,-5.37141315467025,1731.49316,2844.65772389826
"324",2011-12-31,"Core Training",2683.63,0.559071611377784,6.7,0.299999999999997,-6.14092838862222,1895.37673,2853.19169706996
"325",2012-01-31,"Core Training",2694.97,0.983996013054988,6.40000000000001,-0.299999999999997,-5.41600398694502,2039.91417,2844.63212197875
"326",2012-02-29,"Core Training",2692.45,0.88956836823783,6.90000000000001,0.5,-6.01043163176218,2200.31516,2858.85528258864
"327",2012-03-31,"Core Training",2693.87,0.942777596666549,7.10000000000001,0.200000000000003,-6.15722240333346,2364.63357,2864.57299315382
"328",2012-04-30,"Core Training",2684.38,0.587175077097177,7.60000000000001,0.5,-7.01282492290283,2551.78553000001,2878.89585811959
"329",2012-05-31,"Core Training",2697.01,1.06043743981175,7.60000000000001,0,-6.53956256018826,2726.30749000001,2878.89585811959
"330",2012-06-30,"Core Training",2696.67,1.04769720201895,7.3,-0.300000000000011,-6.25230279798104,2893.16332000001,2870.25917054523
"331",2012-07-31,"Core Training",2697.58,1.08179607375848,7.40000000000001,0.100000000000009,-6.31820392624153,3061.77786000001,2873.12942971578
"332",2012-08-31,"Core Training",2674.59,0.220331171240041,7.8,0.399999999999991,-7.57966882875996,3264.05724000001,2884.62194743464
"333",2012-09-30,"Core Training",2689.9,0.794016584791905,8.10000000000001,0.300000000000011,-7.3059834152081,3459.03275000001,2893.27581327694
"334",2012-10-31,"Core Training",2690.64,0.821745337635031,8.5,0.399999999999991,-7.67825466236497,3663.94310000001,2904.84891653005
"335",2012-11-30,"Core Training",2695.05,0.986993716065071,8.7,0.200000000000003,-7.71300628393493,3869.78087000001,2910.65861436311
"336",2012-12-31,"Core Training",2685.75,0.638510741144597,9,0.299999999999997,-8.3614892588554,4092.92477000001,2919.3905902062
"337",2013-01-31,"Core Training",2693.02,0.910927002184574,8.7,-0.299999999999997,-7.78907299781543,4300.79254000001,2910.63241843558
"338",2013-02-28,"Core Training",2648.94,-0.740807356363186,9.2,0.5,-9.94080735636319,4566.08386000001,2925.18558052776
"339",2013-03-31,"Core Training",2686.71,0.67448317726542,9.5,0.299999999999997,-8.82551682273458,4801.61131000001,2933.96113726934
"340",2013-04-30,"Core Training",2681.53,0.480381907363489,9.7,0.200000000000003,-9.21961809263651,5047.65618000001,2939.82905954388
"341",2013-05-31,"Core Training",2743.24,2.79273506675509,9.90000000000001,0.200000000000003,-7.10726493324492,5237.32847000001,2945.70871766297
"342",2013-06-30,"Core Training",2716.79,1.80161950905119,9.7,-0.200000000000003,-7.89838049094882,5448.11334000001,2939.81730022764
"343",2013-07-31,"Core Training",2717.6,1.83197125202813,9.7,0,-7.86802874797187,5658.08821000001,2939.81730022764
"344",2013-08-31,"Core Training",2554.95,-4.26273368031746,10.1,0.400000000000006,-14.3627336803175,6041.38792000001,2951.57656942855
"345",2013-09-30,"Core Training",2714.63,1.72068152777934,10.4,0.299999999999997,-8.67931847222066,6273.01376000001,2960.43129913684
"346",2013-10-31,"Core Training",2718.4,1.86194828212882,10.5,0.0999999999999943,-8.63805171787118,6503.53831000001,2963.39173043598
"347",2013-11-30,"Core Training",2720.01,1.92227705520645,10.5,0,-8.57772294479355,6732.45286000001,2963.39173043598
"348",2013-12-31,"Core Training",2712.39,1.63674584349741,10.9,0.400000000000006,-9.26325415650259,6979.66225000001,2975.24529735772
"349",2014-01-31,"Core Training",2720.87,1.95450236256468,10.4,-0.5,-8.44549763743533,7205.04809000001,2960.36907087093
"350",2014-02-28,"Core Training",2690.66,0.822494763387547,10.8,0.399999999999991,-9.97750523661245,7471.31877000001,2972.21054715441
"351",2014-03-31,"Core Training",2718.11,1.85108160871732,11,0.200000000000003,-9.14891839128268,7715.47687,2978.15496824872
"352",2014-04-30,"Core Training",2715.62,1.75777810252893,11.3,0.299999999999997,-9.54222189747107,7970.13110000001,2987.08943315347
"353",2014-05-31,"Core Training",2718.48,1.86494598513889,11.3,0,-9.43505401486111,8221.92533000001,2987.08943315347
"354",2014-06-30,"Core Training",2720.48,1.9398885603906,11.5,0.200000000000003,-9.5601114396094,8477.05698,2993.06361201978
"355",2014-07-31,"Core Training",2721.54,1.97960812527401,11.3,-0.200000000000003,-9.32039187472599,8725.79121,2987.07748479574
"356",2014-08-31,"Core Training",2577.92,-3.40201820355153,11.6,0.300000000000011,-15.0020182035515,9126.15157000001,2996.03871725012
"357",2014-09-30,"Core Training",2709.26,1.5194607132285,11.7,0.0999999999999943,-10.1805392867715,9397.84064000001,2999.03475596737
"358",2014-10-31,"Core Training",2718.28,1.85745172761372,11.8,0.0999999999999943,-9.94254827238628,9663.17842000001,3002.03379072334
"359",2014-11-30,"Core Training",2719.88,1.91740578781509,11.6,-0.199999999999989,-9.68259421218492,9921.57878000001,2996.0297231419
"360",2014-12-31,"Core Training",2713.14,1.66484930921681,11.6,0,-9.9351506907832,10186.71914,2996.0297231419
"361",2015-01-31,"Core Training",2718.01,1.84733447995474,10.9,-0.700000000000003,-9.05266552004526,10428.30853,2975.0575150799
"362",2015-02-28,"Core Training",2698.52,1.11701908412679,11.2,0.299999999999997,-10.0829809158732,10697.39405,2983.98268762514
"363",2015-03-31,"Core Training",2716.46,1.78925398413466,11.3,0.0999999999999943,-9.51074601586534,10951.20828,2986.96667031277
"364",2015-04-30,"Core Training",2718.72,1.87393909416908,11.6,0.300000000000011,-9.72606090583092,11210.76864,2995.92757032371
"365",2015-05-31,"Core Training",2718.64,1.87094139115902,11.8,0.199999999999989,-9.92905860884098,11475.74642,3001.91942546435
"366",2015-06-30,"Core Training",2720.35,1.93501729299923,11.8,0,-9.86498270700076,11739.0142,3001.91942546435
"367",2015-07-31,"Core Training",2720.42,1.93764028313305,11.7,-0.0999999999999943,-9.76235971686695,11999.54327,2998.91750603889
"368",2015-08-31,"Core Training",2603.14,-2.45699232962743,12,0.299999999999997,-14.4569923296274,12385.35847,3007.914258557
"369",2015-09-30,"Core Training",2706.97,1.43365146456527,11.9,-0.0999999999999943,-10.4663485354347,12664.67496,3004.90634429845
"370",2015-10-31,"Core Training",2714.66,1.72180566640811,12,0.0999999999999943,-10.2781943335919,12938.97016,3007.91125064275
"371",2015-11-30,"Core Training",2723.25,2.04368402711422,12,0,-9.95631597288578,13204.67536,3007.91125064275
"372",2015-12-31,"Core Training",2720.45,1.93876442176182,12.1,0.100000000000009,-10.1612355782382,13475.84927,3010.91916189339
"373",2016-01-31,"Core Training",2735.61,2.50682914216982,11.6,-0.5,-9.09317085783019,13718.51963,2995.86456608392
"374",2016-02-29,"Core Training",2700.01,1.17285130268932,11.8,0.199999999999989,-10.6271486973107,14002.12741,3001.85629521609
"375",2016-03-31,"Core Training",2711.11,1.58878259533633,12.1,0.300000000000011,-10.5112174046637,14282.64132,3010.86186410174
"376",2016-04-30,"Core Training",2679.88,0.418554282780822,12.3,0.199999999999989,-11.8814457172192,14599.72265,3016.88358782994
"377",2016-05-31,"Core Training",2715.8,1.7645229343016,12.5,0.200000000000003,-10.7354770656984,14886.2214,3022.9173550056
"378",2016-06-30,"Core Training",2751.42,3.09925019953461,12.7,0.200000000000003,-9.60074980046539,15142.43757,3028.96318971561
"379",2016-07-31,"Core Training",2766.45,3.66244365255122,12.6,-0.0999999999999943,-8.93755634744878,15380.95503,3025.9342265259
"380",2016-08-31,"Core Training",2694.23,0.956267260211862,12.9,0.299999999999997,-11.9437327397881,15699.69862,3035.01202920547
"381",2016-09-30,"Core Training",2771.01,3.83331272412515,13.2,0.299999999999997,-9.36668727587486,15949.66834,3044.11706529309
"382",2016-10-31,"Core Training",2773.23,3.91649898265454,13.3,0.0999999999999943,-9.38350101734546,16200.08677,3047.16118235838
"383",2016-11-30,"Core Training",2775.97,4.01917031074938,13.5,0.200000000000003,-9.48082968925062,16453.10262,3053.2555047231
"384",2016-12-31,"Core Training",2761.03,3.4593492736191,13.9,0.400000000000006,-10.4406507263809,16731.73331,3065.46852674199
"385",2017-01-31,"Core Training",2766.95,3.68117929636415,13.5,-0.400000000000006,-9.81882070363585,16993.76916,3053.20665263503
"386",2017-02-28,"Core Training",2821.41,5.72186562046831,14.1,0.600000000000009,-8.3781343795317,17217.35727,3071.52589255084
"387",2017-03-31,"Core Training",2844.36,6.58183167148173,14.4,0.299999999999997,-7.81816832851828,17426.00151,3080.74047022849
"388",2017-04-30,"Core Training",2826.6,5.91634160324651,14.9,0.5,-8.9836583967535,17665.7493,3096.14417257963
"389",2017-05-31,"Core Training",2902.45,8.75853876966773,15.2,0.299999999999997,-6.44146123033227,17837.65322,3105.43260509737
"390",2017-06-30,"Core Training",2878.76,7.8708439658112,15.2,0,-7.3291560341888,18033.24714,3105.43260509737
"391",2017-07-31,"Core Training",2873.63,7.67861626029056,15.2,0,-7.52138373970945,18233.97106,3105.43260509737
"392",2017-08-31,"Core Training",2964.39,11.0795103252133,15.7,0.5,-4.6204896747867,18357.27853,3120.95976812286
"393",2017-09-30,"Core Training",3093.76,15.9271708053704,16,0.299999999999997,-0.0728291946296107,18359.22213,3130.32264742723
"394",2017-10-31,"Core Training",3112.93,16.6454953891581,16.1,0.100000000000009,0.545495389158042,18344.66444,3133.45297007465
"395",2017-11-30,"Core Training",3126.43,17.1513577721071,16.4,0.299999999999997,0.751357772107109,18324.61288,3142.85332898488
"396",2017-12-31,"Core Training",3115.4,16.7380494695939,16.7,0.299999999999997,0.038049469593922,18323.59745,3152.28188897183
"397",2018-01-31,"Core Training",3127.81,17.2030681490308,16.2,-0.5,1.0030681490308,18296.82847,3136.52047952697
"398",2018-02-28,"Core Training",3093.67,15.9237983894841,16.6,0.400000000000006,-0.676201610515951,18314.87433,3149.06656144508
"399",2018-03-31,"Core Training",3153.52,18.1664549538916,16.8,0.199999999999989,1.36645495389158,18278.40761,3155.36469456797
"400",2018-04-30,"Core Training",3139.56,17.6433557786346,17.2,0.400000000000006,0.443355778634615,18266.57573,3167.98615334624
"401",2018-05-31,"Core Training",3153.47,18.1645813895103,17.6,0.400000000000006,0.56458138951027,18251.50869,3180.65809795963
"402",2018-06-30,"Core Training",3150.86,18.0667813288068,17.6,0,0.466781328806796,18239.05165,3180.65809795963
"403",2018-07-31,"Core Training",3145.41,17.8625628112459,17.6,0,0.262562811245868,18232.04461,3180.65809795963
"404",2018-08-31,"Core Training",3168.05,18.7109127630953,18.2,0.599999999999994,0.510912763095281,18218.40983,3199.74204654738
"405",2018-09-30,"Core Training",3200.64,19.9321020268219,18.3,0.0999999999999943,1.63210202682194,18174.85376,3202.94178859393
"406",2018-10-31,"Core Training",3262.74,22.2590689883876,18.4,0.100000000000009,3.85906898838763,18071.8664,3206.14473038253
"407",2018-11-30,"Core Training",3259.87,22.1515263929014,18.6,0.200000000000003,3.55152639290143,17977.08646,3212.55701984329
"408",2018-12-31,"Core Training",3247.78,21.6984985255048,18.8,0.199999999999989,2.89849852550484,17899.73394,3218.98213388298
"409",2019-01-31,"Core Training",3251.97,21.8555032206572,18.1,-0.699999999999989,3.75550322065715,17799.51045,3196.4492589458
"410",2019-02-28,"Core Training",3217.88,20.5781070254917,18.5,0.399999999999991,2.07810702549172,17744.0518,3209.23505598158
"411",2019-03-31,"Core Training",3272.2,22.6135473693282,18.7,0.200000000000003,3.91354736932824,17639.61057,3215.65352609354
"412",2019-04-30,"Core Training",3264.86,22.3385081181545,19.3,0.599999999999994,3.03850811815447,17558.5216,3234.9474472501
"413",2019-05-31,"Core Training",3276.41,22.7713014902331,19.6,0.300000000000011,3.17130149023309,17473.88876,3244.65228959186
"414",2019-06-30,"Core Training",3269.04,22.4951381004305,19.6,0,2.89513810043053,17396.62592,3244.65228959186
"415",2019-07-31,"Core Training",3262.13,22.2362115029359,19.7,0.0999999999999943,2.53621150293587,17328.94179,3247.89694188145
"416",2019-08-31,"Core Training",2987.8,11.9567131685346,20,0.299999999999997,-8.04328683146538,17543.59379,3257.64063270709
"417",2019-09-30,"Core Training",3603.58,35.0307826627846,20.1,0.100000000000009,14.9307826627846,17145.1345,3260.8982733398
"418",2019-10-31,"Core Training",3339,25.1166293827355,20,-0.100000000000009,5.11662938273548,17008.5865,3257.63737506646
"419",2019-11-30,"Core Training",3345.8,25.3714341385913,20.2,0.200000000000003,5.17143413859131,16870.57592,3264.15264981659
"420",2019-12-31,"Core Training",3333.76,24.920279835576,20.2,0,4.72027983557599,16744.60534,3264.15264981659
"421",2020-01-31,"Core Training",3338.38,25.0933971844074,20,-0.200000000000003,5.09339718440745,16608.67734,3257.62434451696
"422",2020-02-29,"Core Training",3294.39,23.445035241746,20.3,0.299999999999997,3.14503524174601,16524.74547,3267.39721755051
"423",2020-03-31,"Core Training",3353.39,25.6558412116716,20.3,0,5.35584121167155,16381.8136,3267.39721755051
"424",2020-04-30,"Core Training",3421.39,28.2038887702298,20.3,0,7.90388877022981,16170.88173,3267.39721755051
"425",2020-05-31,"Core Training",3428.26,28.4613165162195,20.3,0,8.16131651621945,15953.07986,3267.39721755051
"426",2020-06-30,"Core Training",3417.86,28.0716151249105,20.5,0.200000000000003,7.57161512491054,15751.01541,3273.93201198561
"427",2020-07-31,"Core Training",3412.59,27.8741414391223,20.9,0.400000000000006,6.97414143912227,15564.8958,3287.02774003355
"428",2020-08-31,"Core Training",3207.94,20.2056424264907,20.5,-0.400000000000006,-0.294357573509298,15572.75135,3273.87962907342
"429",2020-09-30,"Core Training",3456.47,29.5183815401449,20.9,0.400000000000006,8.61838154014485,15342.75174,3286.97514758971
"430",2020-10-31,"Core Training",3445.5,29.1073215148892,20.9,0,8.20732151488921,15123.72213,3286.97514758971
"431",2020-11-30,"Core Training",3447.1,29.1672755750906,20.8,-0.100000000000009,8.36727557509058,14900.42381,3283.68817244212
"432",2020-12-31,"Core Training",3435.34,28.7266132326105,21.1,0.300000000000011,7.62661323261051,14696.89162,3293.53923695945
"433",2021-01-31,"Core Training",3441.27,28.9488179682318,21,-0.100000000000009,7.94881796823184,14484.76072,3290.24569772249
"434",2021-02-28,"Core Training",3403.87,27.5473918110248,21.1,0.100000000000009,6.44739181102479,14312.69853,3293.53594342021
"435",2021-03-31,"Core Training",3434.95,28.7119994304364,21.4,0.299999999999997,7.31199943043641,14117.56247,3303.41655125047
"436",2021-04-30,"Core Training",3500.41,31.164869918425,22.1,0.700000000000003,9.06486991842499,13875.64738,3326.54046710923
"437",2021-05-31,"Core Training",3509.92,31.5212218637469,22.7,0.599999999999994,8.8212218637469,13640.23455,3346.49970991188
"438",2021-06-30,"Core Training",3508.16,31.4552723975254,23.1,0.400000000000006,8.35527239752538,13417.25656,3359.88570875153
"439",2021-07-31,"Core Training",3495.29,30.9730169257806,23.1,0,7.87301692578061,13207.14857,3359.88570875153
"440",2021-08-31,"Core Training",3358.12,25.8330804021419,23.8,0.699999999999989,2.03308040214186,13152.89155,3383.40490871279
"441",2021-09-30,"Core Training",3588.55,34.467589209768,24.1,0.300000000000011,10.367589209768,12876.21066,3393.55512343893
"442",2021-10-31,"Core Training",3555.5,33.2291631537335,25.1,1,8.12916315373344,12659.26687,3427.49067467332
"443",2021-11-30,"Core Training",3562.83,33.503827692031,25.8,0.699999999999989,7.70382769203098,12453.67405,3451.48310939603
"444",2021-12-31,"Core Training",3554.54,33.1931907176126,26.382,0.582000000000008,6.81119071761263,12271.9031222,3471.57074109271
"445",2009-09-30,"Foundation Doctor Year 2",2318.96,0,0,0,0,0,2318.96
"446",2009-10-31,"Foundation Doctor Year 2",2319.19,0.00991823921068143,0.100000000000009,0.100000000000009,-0.0900817607893271,2.08896000000018,2321.27896
"447",2009-11-30,"Foundation Doctor Year 2",2321.49,0.109100631317476,0.299999999999997,0.199999999999989,-0.190899368682521,6.51584000000037,2325.92151792
"448",2009-12-31,"Foundation Doctor Year 2",2314.87,-0.176372166833414,0.600000000000009,0.300000000000011,-0.776372166833423,24.5196000000007,2332.89928247376
"449",2010-01-31,"Foundation Doctor Year 2",2318.83,-0.00560596129299812,0.5,-0.100000000000009,-0.505605961292998,36.2444000000008,2330.56638319129
"450",2010-02-28,"Foundation Doctor Year 2",2319.08,0.00517473350121998,0.700000000000003,0.200000000000003,-0.694825266498783,52.357120000001,2335.22751595767
"451",2010-03-31,"Foundation Doctor Year 2",2321.47,0.108238175733939,1.10000000000001,0.400000000000006,-0.991761824266069,75.3556800000014,2344.5684260215
"452",2010-04-30,"Foundation Doctor Year 2",2304.2,-0.636492220650646,1.60000000000001,0.5,-2.23649222065065,127.219040000002,2356.29126815161
"453",2010-05-31,"Foundation Doctor Year 2",2364.98,1.98451029771967,1.8,0.199999999999989,0.18451029771967,122.940320000002,2361.00385068791
"454",2010-06-30,"Foundation Doctor Year 2",2347.01,1.20959395591128,1.90000000000001,0.100000000000009,-0.690406044088727,138.950560000002,2363.3648545386
"455",2010-07-31,"Foundation Doctor Year 2",2344.18,1.08755649084071,1.7,-0.200000000000003,-0.61244350915929,153.152880000002,2358.63812482952
"456",2010-08-31,"Foundation Doctor Year 2",2254.17,-2.79392486286956,2.10000000000001,0.400000000000006,-4.89392486286957,266.641040000002,2368.07267732884
"457",2010-09-30,"Foundation Doctor Year 2",2345.16,1.12981681443405,2.10000000000001,0,-0.97018318556596,289.139200000003,2368.07267732884
"458",2010-10-31,"Foundation Doctor Year 2",2344.58,1.10480560251147,2.3,0.199999999999989,-1.19519439748853,316.855280000003,2372.8088226835
"459",2010-11-30,"Foundation Doctor Year 2",2343.67,1.06556387346052,2.60000000000001,0.300000000000011,-1.53443612653949,352.438240000003,2379.92724915155
"460",2010-12-31,"Foundation Doctor Year 2",2343.17,1.04400248387208,3.40000000000001,0.799999999999997,-2.35599751612792,407.072880000003,2398.96666714476
"461",2011-01-31,"Foundation Doctor Year 2",2342.95,1.03451547245316,3.5,0.0999999999999943,-2.46548452754684,464.246480000003,2401.3656338119
"462",2011-02-28,"Foundation Doctor Year 2",2344.84,1.11601752509746,4,0.5,-2.88398247490254,531.124880000003,2413.37246198096
"463",2011-03-31,"Foundation Doctor Year 2",2344.98,1.12205471418222,4.3,0.299999999999997,-3.17794528581778,604.820160000003,2420.61257936691
"464",2011-04-30,"Foundation Doctor Year 2",2329.85,0.469607065236135,5,0.700000000000003,-4.53039293476387,709.878160000003,2437.55686742248
"465",2011-05-31,"Foundation Doctor Year 2",2346.04,1.1677648601097,5.2,0.200000000000003,-4.0322351398903,803.384080000003,2442.43198115732
"466",2011-06-30,"Foundation Doctor Year 2",2344.47,1.100062096802,5.2,0,-4.099937903198,898.460000000004,2442.43198115732
"467",2011-07-31,"Foundation Doctor Year 2",2345.15,1.12938558664229,5.2,0,-4.07061441335771,992.855920000004,2442.43198115732
"468",2011-08-31,"Foundation Doctor Year 2",2282.26,-1.58260599579121,5.60000000000001,0.400000000000006,-7.18260599579122,1159.41768,2452.20170908195
"469",2011-09-30,"Foundation Doctor Year 2",2345.33,1.13714768689412,6.2,0.599999999999994,-5.06285231310588,1276.8232,2466.91491933644
"470",2011-10-31,"Foundation Doctor Year 2",2341.9,0.989236554317455,6.2,0,-5.21076344568255,1397.65872,2466.91491933644
"471",2011-11-30,"Foundation Doctor Year 2",2342.25,1.00432952702936,6.40000000000001,0.200000000000003,-5.39567047297065,1522.78216,2471.84874917511
"472",2011-12-31,"Foundation Doctor Year 2",2324.64,0.244937385724628,6.7,0.299999999999997,-6.45506261427537,1672.47248,2479.26429542264
"473",2012-01-31,"Foundation Doctor Year 2",2341.21,0.959481836685411,6.40000000000001,-0.299999999999997,-5.44051816331459,1798.63592,2471.82650253637
"474",2012-02-29,"Foundation Doctor Year 2",2342.8,1.02804705557664,6.90000000000001,0.5,-5.87195294442336,1934.80416,2484.18563504905
"475",2012-03-31,"Foundation Doctor Year 2",2342.71,1.02416600545072,7.10000000000001,0.200000000000003,-6.07583399454929,2075.70032,2489.15400631915
"476",2012-04-30,"Foundation Doctor Year 2",2334.72,0.679614999827499,7.60000000000001,0.5,-6.92038500017251,2236.18128,2501.59977635075
"477",2012-05-31,"Foundation Doctor Year 2",2343.91,1.07591334046296,7.60000000000001,0,-6.52408665953705,2387.47224000001,2501.59977635075
"478",2012-06-30,"Foundation Doctor Year 2",2342.85,1.03020319453548,7.3,-0.300000000000011,-6.26979680546452,2532.86632000001,2494.09497702169
"479",2012-07-31,"Foundation Doctor Year 2",2342.52,1.01597267740711,7.40000000000001,0.100000000000009,-6.38402732259289,2680.90936000001,2496.58907199872
"480",2012-08-31,"Foundation Doctor Year 2",2336.88,0.772760202849556,7.8,0.399999999999991,-7.02723979715044,2843.86824,2506.57542828671
"481",2012-09-30,"Foundation Doctor Year 2",2347.89,1.24754200158691,8.10000000000001,0.300000000000011,-6.8524579984131,3002.77400000001,2514.09515457157
"482",2012-10-31,"Foundation Doctor Year 2",2343.86,1.07375720150413,8.5,0.399999999999991,-7.42624279849587,3174.98560000001,2524.15153518986
"483",2012-11-30,"Foundation Doctor Year 2",2344.13,1.08540035188188,8.7,0.200000000000003,-7.61459964811812,3351.56512000001,2529.19983826024
"484",2012-12-31,"Foundation Doctor Year 2",2333.34,0.62010556456343,9,0.299999999999997,-8.37989443543657,3545.89152000001,2536.78743777502
"485",2013-01-31,"Foundation Doctor Year 2",2344.8,1.11429261393039,8.7,-0.299999999999997,-7.58570738606961,3721.80104000001,2529.17707546169
"486",2013-02-28,"Foundation Doctor Year 2",2342.95,1.03451547245316,9.2,0.5,-8.16548452754684,3911.15536000001,2541.822960839
"487",2013-03-31,"Foundation Doctor Year 2",2343.7,1.06685755683581,9.5,0.299999999999997,-8.43314244316419,4106.71656000001,2549.44842972152
"488",2013-04-30,"Foundation Doctor Year 2",2339.09,0.868061544830446,9.7,0.200000000000003,-8.83193845516956,4311.52568000001,2554.54732658096
"489",2013-05-31,"Foundation Doctor Year 2",2389.98,3.06257977714148,9.90000000000001,0.200000000000003,-6.83742022285853,4470.08272000001,2559.65642123412
"490",2013-06-30,"Foundation Doctor Year 2",2367.51,2.09361092903716,9.7,-0.200000000000003,-7.60638907096284,4646.47184000001,2554.53710839166
"491",2013-07-31,"Foundation Doctor Year 2",2365.14,1.99140994238796,9.7,0,-7.70859005761204,4825.23096000001,2554.53710839166
"492",2013-08-31,"Foundation Doctor Year 2",2256.12,-2.70983544347467,10.1,0.400000000000006,-12.8098354434747,5122.28592000001,2564.75525682522
"493",2013-09-30,"Foundation Doctor Year 2",2364.06,1.94483734087694,10.4,0.299999999999997,-8.45516265912307,5318.35776000001,2572.4495225957
"494",2013-10-31,"Foundation Doctor Year 2",2360.56,1.79390761375789,10.5,0.0999999999999943,-8.70609238624211,5520.24856000001,2575.02197211829
"495",2013-11-30,"Foundation Doctor Year 2",2361.49,1.83401179839237,10.5,0,-8.66598820160763,5721.20936000001,2575.02197211829
"496",2013-12-31,"Foundation Doctor Year 2",2351.17,1.38898471728706,10.9,0.400000000000006,-9.51101528271295,5941.76600000001,2585.32206000677
"497",2014-01-31,"Foundation Doctor Year 2",2359.83,1.76242798495877,10.4,-0.5,-8.63757201504124,6142.06784000001,2572.39544970673
"498",2014-02-28,"Foundation Doctor Year 2",2360.49,1.7908890192155,10.8,0.399999999999991,-9.0091109807845,6350.98552000001,2582.68503150556
"499",2014-03-31,"Foundation Doctor Year 2",2359.21,1.73569186186911,11,0.200000000000003,-9.26430813813089,6565.82112000001,2587.85040156857
"500",2014-04-30,"Foundation Doctor Year 2",2356.6,1.62314140821747,11.3,0.299999999999997,-9.67685859178253,6790.22360000001,2595.61395277328
"501",2014-05-31,"Foundation Doctor Year 2",2360.28,1.78183323558837,11.3,0,-9.51816676441162,7010.94608000001,2595.61395277328
"502",2014-06-30,"Foundation Doctor Year 2",2361.52,1.83530548176769,11.5,0.200000000000003,-9.66469451823231,7235.06648000001,2600.80518067882
"503",2014-07-31,"Foundation Doctor Year 2",2361.6,1.83875530410183,11.3,-0.200000000000003,-9.46124469589816,7454.46896000001,2595.60357031747
"504",2014-08-31,"Foundation Doctor Year 2",2225.85,-4.01516196915859,11.6,0.300000000000011,-15.6151619691586,7816.57832000001,2603.39038102842
"505",2014-09-30,"Foundation Doctor Year 2",2361.33,1.82711215372408,11.7,0.0999999999999943,-9.87288784627592,8045.52664000001,2605.99377140945
"506",2014-10-31,"Foundation Doctor Year 2",2361.95,1.85384827681373,11.8,0.0999999999999943,-9.94615172318626,8276.17392000001,2608.59976518086
"507",2014-11-30,"Foundation Doctor Year 2",2359.05,1.72879221720082,11.6,-0.199999999999989,-9.87120778279919,8505.08328000001,2603.38256565049
"508",2014-12-31,"Foundation Doctor Year 2",2356.02,1.59813019629489,11.6,0,-10.0018698037051,8737.02264000001,2603.38256565049
"509",2015-01-31,"Foundation Doctor Year 2",2360.29,1.78226446338013,10.9,-0.700000000000003,-9.11773553661987,8948.45928000001,2585.15888769094
"510",2015-02-28,"Foundation Doctor Year 2",2360.61,1.79606375271674,11.2,0.299999999999997,-9.40393624728326,9166.53280000001,2592.91436435401
"511",2015-03-31,"Foundation Doctor Year 2",2360.4,1.78700796908959,11.3,0.0999999999999943,-9.5129920309104,9387.13528000001,2595.50727871837
"512",2015-04-30,"Foundation Doctor Year 2",2359.81,1.76156552937523,11.6,0.300000000000011,-9.83843447062478,9615.28464000001,2603.29380055452
"513",2015-05-31,"Foundation Doctor Year 2",2362.16,1.86290406044088,11.8,0.199999999999989,-9.93709593955912,9845.72192000001,2608.50038815563
"514",2015-06-30,"Foundation Doctor Year 2",2363.27,1.91077034532721,11.8,0,-9.88922965467278,10075.0492,2608.50038815563
"515",2015-07-31,"Foundation Doctor Year 2",2361.16,1.81978128126401,11.7,-0.0999999999999943,-9.880218718736,10304.16752,2605.89188776748
"516",2015-08-31,"Foundation Doctor Year 2",2247.69,-3.07336047193569,12,0.299999999999997,-15.0733604719357,10653.71272,2613.70956343078
"517",2015-09-30,"Foundation Doctor Year 2",2367.21,2.08067409528409,11.9,-0.0999999999999943,-9.81932590471591,10881.41896,2611.09585386735
"518",2015-10-31,"Foundation Doctor Year 2",2364.68,1.9715734639666,12,0.0999999999999943,-10.0284265360334,11113.97416,2613.70694972122
"519",2015-11-30,"Foundation Doctor Year 2",2362.78,1.88964018353056,12,0,-10.1103598164694,11348.42936,2613.70694972122
"520",2015-12-31,"Foundation Doctor Year 2",2360.34,1.78442060233898,12.1,0.100000000000009,-10.315579397661,11587.64352,2616.32065667094
"521",2016-01-31,"Foundation Doctor Year 2",2354.71,1.54163935557319,11.6,-0.5,-10.0583606444268,11820.89288,2603.23905338758
"522",2016-02-29,"Foundation Doctor Year 2",2339.87,0.901697312588395,11.8,0.199999999999989,-10.8983026874116,12073.62016,2608.44553149436
"523",2016-03-31,"Foundation Doctor Year 2",2333.7,0.63562976506709,12.1,0.300000000000011,-11.4643702349329,12339.47432,2616.27086808884
"524",2016-04-30,"Foundation Doctor Year 2",2312.22,-0.29064753165213,12.3,0.199999999999989,-12.5906475316521,12631.4464,2621.50340982502
"525",2016-05-31,"Foundation Doctor Year 2",2331.42,0.537309828543832,12.5,0.200000000000003,-11.9626901714562,12908.8564,2626.74641664467
"526",2016-06-30,"Foundation Doctor Year 2",2365.62,2.01210887639286,12.7,0.200000000000003,-10.6878911236071,13156.70432,2631.99990947796
"527",2016-07-31,"Foundation Doctor Year 2",2382.36,2.73398419981371,12.6,-0.0999999999999943,-9.86601580018629,13385.49328,2629.36790956848
"528",2016-08-31,"Foundation Doctor Year 2",2325.09,0.264342636354232,12.9,0.299999999999997,-12.6356573636458,13678.50912,2637.25601329718
"529",2016-09-30,"Foundation Doctor Year 2",2384.94,2.84524097009004,13.2,0.299999999999997,-10.35475902991,13918.63184,2645.16778133708
"530",2016-10-31,"Foundation Doctor Year 2",2384.74,2.83661641425465,13.3,0.0999999999999943,-10.4633835857453,14161.27352,2647.81294911841
"531",2016-11-30,"Foundation Doctor Year 2",2382.67,2.74735226135854,13.5,0.200000000000003,-10.7526477386415,14410.62312,2653.10857501665
"532",2016-12-31,"Foundation Doctor Year 2",2378.09,2.54984993272847,13.9,0.400000000000006,-11.3501500672715,14673.82856,2663.72100931672
"533",2017-01-31,"Foundation Doctor Year 2",2389.04,3.02204436471521,13.5,-0.400000000000006,-10.4779556352848,14916.80816,2653.06612527945
"534",2017-02-28,"Foundation Doctor Year 2",2391.58,3.13157622382447,14.1,0.600000000000009,-10.9684237761755,15171.16152,2668.98452203113
"535",2017-03-31,"Foundation Doctor Year 2",2390.58,3.0884534446476,14.4,0.299999999999997,-11.3115465553524,15433.47176,2676.99147559722
"536",2017-04-30,"Foundation Doctor Year 2",2406.56,3.77755545589402,14.9,0.5,-11.122444544106,15691.3968,2690.37643297521
"537",2017-05-31,"Foundation Doctor Year 2",2465.41,6.31533101045295,15.2,0.299999999999997,-8.88466898954705,15897.42872,2698.44756227413
"538",2017-06-30,"Foundation Doctor Year 2",2441.58,5.28771518266809,15.2,0,-9.91228481733192,16127.29064,2698.44756227413
"539",2017-07-31,"Foundation Doctor Year 2",2445.04,5.43691999862007,15.2,0,-9.76308000137993,16353.69256,2698.44756227413
"540",2017-08-31,"Foundation Doctor Year 2",2474.6,6.71162935108841,15.7,0.5,-8.98837064891159,16562.12928,2711.9398000855
"541",2017-09-30,"Foundation Doctor Year 2",2567.01,10.6966053748232,16,0.299999999999997,-5.3033946251768,16685.11288,2720.07561948576
"542",2017-10-31,"Foundation Doctor Year 2",2565.27,10.6215717390554,16.1,0.100000000000009,-5.47842826094457,16812.15544,2722.79569510524
"543",2017-11-30,"Foundation Doctor Year 2",2566.27,10.6646945182323,16.4,0.299999999999997,-5.7353054817677,16945.15488,2730.96408219056
"544",2017-12-31,"Foundation Doctor Year 2",2553.57,10.117035222686,16.7,0.299999999999997,-6.58296477731396,17097.8112,2739.15697443713
"545",2018-01-31,"Foundation Doctor Year 2",2566.72,10.6840997688619,16.2,-0.5,-5.51590023113811,17225.72272,2725.46118956495
"546",2018-02-28,"Foundation Doctor Year 2",2565.24,10.6202780556801,16.6,0.400000000000006,-5.97972194431989,17364.39008,2736.36303432321
"547",2018-03-31,"Foundation Doctor Year 2",2565.73,10.6414082174768,16.8,0.199999999999989,-6.1585917825232,17507.20536,2741.83576039185
"548",2018-04-30,"Foundation Doctor Year 2",2561.31,10.450805533515,17.2,0.400000000000006,-6.74919446648498,17663.71648,2752.80310343342
"549",2018-05-31,"Foundation Doctor Year 2",2566.75,10.6853934522372,17.6,0.400000000000006,-6.9146065477628,17824.06344,2763.81431584715
"550",2018-06-30,"Foundation Doctor Year 2",2567.45,10.715579397661,17.6,0,-6.884420602339,17983.7104,2763.81431584715
"551",2018-07-31,"Foundation Doctor Year 2",2565.69,10.6396833063097,17.6,0,-6.96031669369028,18145.11736,2763.81431584715
"552",2018-08-31,"Foundation Doctor Year 2",2566.07,10.6560699623969,18.2,0.599999999999994,-7.54393003760306,18320.05808,2780.39720174224
"553",2018-09-30,"Foundation Doctor Year 2",2568.68,10.7686204160486,18.3,0.0999999999999943,-7.53137958395143,18494.70776,2783.17759894398
"554",2018-10-31,"Foundation Doctor Year 2",2619.38,12.954945320316,18.4,0.100000000000009,-5.445054679684,18620.9764,2785.96077654292
"555",2018-11-30,"Foundation Doctor Year 2",2619.31,12.9519267257736,18.6,0.200000000000003,-5.64807327422639,18751.95296,2791.53269809601
"556",2018-12-31,"Foundation Doctor Year 2",2610.21,12.5595094352641,18.8,0.199999999999989,-6.24049056473591,18896.66744,2797.1157634922
"557",2019-01-31,"Foundation Doctor Year 2",2616.04,12.8109152378652,18.1,-0.699999999999989,-5.28908476213476,19019.3192,2777.53595314775
"558",2019-02-28,"Foundation Doctor Year 2",2617.13,12.857919067168,18.5,0.399999999999991,-5.64208093283196,19150.1568,2788.64609696035
"559",2019-03-31,"Foundation Doctor Year 2",2618.8,12.9299341083934,18.7,0.200000000000003,-5.77006589160658,19283.96232,2794.22338915427
"560",2019-04-30,"Foundation Doctor Year 2",2612.88,12.6746472556663,19.3,0.599999999999994,-6.62535274433366,19437.6016,2810.98872948919
"561",2019-05-31,"Foundation Doctor Year 2",2617.17,12.8596439783351,19.6,0.300000000000011,-6.74035602166489,19593.90776,2819.42169567766
"562",2019-06-30,"Foundation Doctor Year 2",2616,12.8091903266982,19.6,0,-6.79080967330184,19751.38392,2819.42169567766
"563",2019-07-31,"Foundation Doctor Year 2",2612.57,12.6612791941215,19.7,0.0999999999999943,-7.03872080587849,19914.60904,2822.24111737334
"564",2019-08-31,"Foundation Doctor Year 2",2360.46,1.7895953358402,20,0.299999999999997,-18.2104046641598,20336.90104,2830.70784072546
"565",2019-09-30,"Foundation Doctor Year 2",2808.64,21.1163625073309,20.1,0.100000000000009,1.01636250733086,20313.332,2833.53854856618
"566",2019-10-31,"Foundation Doctor Year 2",2664.98,14.9213440507814,20,-0.100000000000009,-5.07865594921862,20431.104,2830.70501001762
"567",2019-11-30,"Foundation Doctor Year 2",2664.89,14.9174630006555,20.2,0.200000000000003,-5.28253699934454,20553.60392,2836.36642003765
"568",2019-12-31,"Foundation Doctor Year 2",2651.61,14.3447924931866,20.2,0,-5.8552075068134,20689.38384,2836.36642003765
"569",2020-01-31,"Foundation Doctor Year 2",2663.85,14.8726153103115,20,-0.200000000000003,-5.12738468968849,20808.28584,2830.69368719758
"570",2020-02-29,"Foundation Doctor Year 2",2655.32,14.5047780039328,20.3,0.299999999999997,-5.79522199606719,20942.67472,2839.18576825917
"571",2020-03-31,"Foundation Doctor Year 2",2664.21,14.8881395108152,20.3,0,-5.4118604891848,21068.1736,2839.18576825917
"572",2020-04-30,"Foundation Doctor Year 2",2719.82,17.2861972608411,20.3,0,-3.01380273915893,21138.06248,2839.18576825917
"573",2020-05-31,"Foundation Doctor Year 2",2717.68,17.1939145134026,20.3,0,-3.10608548659745,21210.09136,2839.18576825917
"574",2020-06-30,"Foundation Doctor Year 2",2721.12,17.342256873771,20.5,0.200000000000003,-3.157743126229,21283.31816,2844.86413979569
"575",2020-07-31,"Foundation Doctor Year 2",2717.72,17.1956394245696,20.9,0.400000000000006,-3.70436057543038,21369.2208,2856.24359635487
"576",2020-08-31,"Foundation Doctor Year 2",2488.88,7.32742263773416,20.5,-0.400000000000006,-13.1725773622658,21674.6876,2844.81862196945
"577",2020-09-30,"Foundation Doctor Year 2",2721.34,17.3517438851899,20.9,0.400000000000006,-3.54825611481009,21756.97024,2856.19789645733
"578",2020-10-31,"Foundation Doctor Year 2",2719.58,17.2758477938386,20.9,0,-3.62415220616139,21841.01288,2856.19789645733
"579",2020-11-30,"Foundation Doctor Year 2",2718.82,17.2430744816642,20.8,-0.100000000000009,-3.5569255183358,21923.49656,2853.34169856087
"580",2020-12-31,"Foundation Doctor Year 2",2710.13,16.8683375306172,21.1,0.300000000000011,-4.23166246938283,22021.62712,2861.90172365655
"581",2021-01-31,"Foundation Doctor Year 2",2718.24,17.2180632697416,21,-0.100000000000009,-3.7819367302584,22109.32872,2859.0398219329
"582",2021-02-28,"Foundation Doctor Year 2",2716.77,17.1546727843516,21.1,0.100000000000009,-3.9453272156484,22200.81928,2861.89886175483
"583",2021-03-31,"Foundation Doctor Year 2",2717.81,17.1995204746956,21.4,0.299999999999997,-4.20047952530446,22298.22672,2870.48455834009
"584",2021-04-30,"Foundation Doctor Year 2",2758.37,18.9485803981095,22.1,0.700000000000003,-3.15141960189052,22371.30688,2890.57795024848
"585",2021-05-31,"Foundation Doctor Year 2",2774.77,19.6557939766102,22.7,0.599999999999994,-3.0442060233898,22441.9008,2907.92141794997
"586",2021-06-30,"Foundation Doctor Year 2",2774.16,19.6294890813123,23.1,0.400000000000006,-3.4705109186877,22522.38056,2919.55310362177
"587",2021-07-31,"Foundation Doctor Year 2",2777.63,19.7791251250561,23.1,0,-3.32087487494395,22599.39032,2919.55310362177
"588",2021-08-31,"Foundation Doctor Year 2",2592.05,11.7763997654121,23.8,0.699999999999989,-12.0236002345879,22878.2128,2939.98997534712
"589",2021-09-30,"Foundation Doctor Year 2",2775.23,19.6756304550316,24.1,0.300000000000011,-4.42436954496844,22980.81216,2948.80994527316
"590",2021-10-31,"Foundation Doctor Year 2",2774.42,19.6407010038983,25.1,1,-5.45929899610171,23107.41112,2978.29804472589
"591",2021-11-30,"Foundation Doctor Year 2",2774.57,19.6471694207748,25.8,0.699999999999989,-6.15283057922516,23250.0928,2999.14613103897
"592",2021-12-31,"Foundation Doctor Year 2",2771.51,19.5152137164936,26.382,0.582000000000008,-6.8667862835064,23409.3308272,3016.60116152162
"593",2009-09-30,"Foundation Doctor Year 1",1865.5,0,0,0,0,0,1865.5
"594",2009-10-31,"Foundation Doctor Year 1",1860.87,-0.248190833556693,0.100000000000009,0.100000000000009,-0.348190833556702,6.49550000000027,1867.3655
"595",2009-11-30,"Foundation Doctor Year 1",1860.49,-0.268560707585097,0.299999999999997,0.199999999999989,-0.568560707585094,17.1020000000002,1871.100231
"596",2009-12-31,"Foundation Doctor Year 1",1856.33,-0.491557223264544,0.600000000000009,0.300000000000011,-1.09155722326455,37.4650000000004,1876.713531693
"597",2010-01-31,"Foundation Doctor Year 1",1861.34,-0.222996515679447,0.5,-0.100000000000009,-0.722996515679447,50.9525000000005,1874.83681816131
"598",2010-02-28,"Foundation Doctor Year 1",1858.83,-0.357544894130264,0.700000000000003,0.200000000000003,-1.05754489413027,70.6810000000007,1878.58649179763
"599",2010-03-31,"Foundation Doctor Year 1",1860.58,-0.263736263736268,1.10000000000001,0.400000000000006,-1.36373626373628,96.1215000000009,1886.10083776482
"600",2010-04-30,"Foundation Doctor Year 1",1859.77,-0.307156258375772,1.60000000000001,0.5,-1.90715625837578,131.699500000001,1895.53134195364
"601",2010-05-31,"Foundation Doctor Year 1",1900.42,1.87188421334763,1.8,0.199999999999989,0.0718842133476347,130.358500000001,1899.32240463755
"602",2010-06-30,"Foundation Doctor Year 1",1880.77,0.818547306352183,1.90000000000001,0.100000000000009,-1.08145269364782,150.533000000001,1901.22172704219
"603",2010-07-31,"Foundation Doctor Year 1",1879.64,0.757973733583495,1.7,-0.200000000000003,-0.942026266416508,168.106500000001,1897.4192835881
"604",2010-08-31,"Foundation Doctor Year 1",1842.15,-1.25167515411417,2.10000000000001,0.400000000000006,-3.35167515411418,230.632000000001,1905.00896072246
"605",2010-09-30,"Foundation Doctor Year 1",1881.46,0.855534709193248,2.10000000000001,0,-1.24446529080676,253.847500000001,1905.00896072246
"606",2010-10-31,"Foundation Doctor Year 1",1875.73,0.548378450817476,2.3,0.199999999999989,-1.75162154918252,286.524000000001,1908.8189786439
"607",2010-11-30,"Foundation Doctor Year 1",1876.49,0.589118198874297,2.60000000000001,0.300000000000011,-2.01088180112571,324.037000000001,1914.54543557983
"608",2010-12-31,"Foundation Doctor Year 1",1876.42,0.58536585365854,3.40000000000001,0.799999999999997,-2.81463414634147,376.544000000001,1929.86179906447
"609",2011-01-31,"Foundation Doctor Year 1",1877.84,0.661484856606803,3.5,0.0999999999999943,-2.8385151433932,429.496500000001,1931.79166086354
"610",2011-02-28,"Foundation Doctor Year 1",1874.77,0.496917716429911,4,0.5,-3.50308228357009,494.846500000001,1941.45061916785
"611",2011-03-31,"Foundation Doctor Year 1",1875.57,0.539801661752878,4.3,0.299999999999997,-3.76019833824712,564.993000000001,1947.27497102536
"612",2011-04-30,"Foundation Doctor Year 1",1877.27,0.630930045564191,5,0.700000000000003,-4.36906995443581,646.498000000001,1960.90589582254
"613",2011-05-31,"Foundation Doctor Year 1",1878.58,0.701152506030551,5.2,0.200000000000003,-4.49884749396945,730.424000000002,1964.82770761418
"614",2011-06-30,"Foundation Doctor Year 1",1878.61,0.702760653980161,5.2,0,-4.49723934601984,814.320000000002,1964.82770761418
"615",2011-07-31,"Foundation Doctor Year 1",1878.29,0.685607075850976,5.2,0,-4.51439292414903,898.536000000002,1964.82770761418
"616",2011-08-31,"Foundation Doctor Year 1",1885.67,1.08121147145538,5.60000000000001,0.400000000000006,-4.51878852854463,982.834000000002,1972.68701844464
"617",2011-09-30,"Foundation Doctor Year 1",1882.05,0.887161618868934,6.2,0.599999999999994,-5.31283838113107,1081.945,1984.52314055531
"618",2011-10-31,"Foundation Doctor Year 1",1877.72,0.655052264808364,6.2,0,-5.54494773519164,1185.386,1984.52314055531
"619",2011-11-30,"Foundation Doctor Year 1",1878.46,0.694719914232111,6.40000000000001,0.200000000000003,-5.70528008576789,1291.818,1988.49218683642
"620",2011-12-31,"Foundation Doctor Year 1",1876.58,0.593942642723127,6.7,0.299999999999997,-6.10605735727688,1405.7265,1994.45766339693
"621",2012-01-31,"Foundation Doctor Year 1",1880.76,0.818011257035647,6.40000000000001,-0.299999999999997,-5.58198874296436,1509.8585,1988.47429040673
"622",2012-02-29,"Foundation Doctor Year 1",1877.66,0.651835968909144,6.90000000000001,0.5,-6.24816403109086,1626.418,1998.41666185877
"623",2012-03-31,"Foundation Doctor Year 1",1880.54,0.806218172071829,7.10000000000001,0.200000000000003,-6.29378182792818,1743.8285,2002.41349518249
"624",2012-04-30,"Foundation Doctor Year 1",1869.51,0.214955775931385,7.60000000000001,0.5,-7.38504422406862,1881.5965,2012.4255626584
"625",2012-05-31,"Foundation Doctor Year 1",1880.76,0.818011257035647,7.60000000000001,0,-6.78198874296436,2008.1145,2012.4255626584
"626",2012-06-30,"Foundation Doctor Year 1",1878.11,0.675958188153305,7.3,-0.300000000000011,-6.62404181184669,2131.686,2006.38828597042
"627",2012-07-31,"Foundation Doctor Year 1",1877.71,0.654516215491827,7.40000000000001,0.100000000000009,-6.74548378450818,2257.523,2008.39467425639
"628",2012-08-31,"Foundation Doctor Year 1",2047.11,9.73519163763066,7.8,0.399999999999991,1.93519163763066,2221.422,2016.42825295342
"629",2012-09-30,"Foundation Doctor Year 1",1885.26,1.05923344947735,8.10000000000001,0.300000000000011,-7.04076655052266,2352.7675,2022.47753771228
"630",2012-10-31,"Foundation Doctor Year 1",1879.92,0.772983114446533,8.5,0.399999999999991,-7.72701688555347,2496.915,2030.56744786313
"631",2012-11-30,"Foundation Doctor Year 1",1878.54,0.699008308764404,8.7,0.200000000000003,-8.0009916912356,2646.1735,2034.62858275885
"632",2012-12-31,"Foundation Doctor Year 1",1878.4,0.691503618332892,9,0.299999999999997,-8.30849638166711,2801.1685,2040.73246850713
"633",2013-01-31,"Foundation Doctor Year 1",1882.32,0.901634950415435,8.7,-0.299999999999997,-7.79836504958457,2946.647,2034.61027110161
"634",2013-02-28,"Foundation Doctor Year 1",1878.23,0.682390779951757,9.2,0.5,-8.51760922004825,3105.543,2044.78332245712
"635",2013-03-31,"Foundation Doctor Year 1",1878.94,0.720450281425894,9.5,0.299999999999997,-8.77954971857411,3269.3255,2050.91767242449
"636",2013-04-30,"Foundation Doctor Year 1",1875.04,0.511391047976412,9.7,0.200000000000003,-9.18860895202359,3440.739,2055.01950776934
"637",2013-05-31,"Foundation Doctor Year 1",1917.68,2.7971053336907,9.90000000000001,0.200000000000003,-7.1028946663093,3573.2435,2059.12954678488
"638",2013-06-30,"Foundation Doctor Year 1",1897.74,1.72822299651568,9.7,-0.200000000000003,-7.97177700348432,3721.957,2055.01128769131
"639",2013-07-31,"Foundation Doctor Year 1",1906.59,2.20262664165103,9.7,0,-7.49737335834898,3861.8205,2055.01128769131
"640",2013-08-31,"Foundation Doctor Year 1",1950.06,4.5328330206379,10.1,0.400000000000006,-5.56716697936211,3965.676,2063.23133284207
"641",2013-09-30,"Foundation Doctor Year 1",1901.3,1.91905655320289,10.4,0.299999999999997,-8.48094344679711,4123.888,2069.4210268406
"642",2013-10-31,"Foundation Doctor Year 1",1895.61,1.61404449209327,10.5,0.0999999999999943,-8.88595550790673,4289.6555,2071.49044786744
"643",2013-11-30,"Foundation Doctor Year 1",1896.27,1.64942374698472,10.5,0,-8.85057625301528,4454.763,2071.49044786744
"644",2013-12-31,"Foundation Doctor Year 1",1891.65,1.40176896274458,10.9,0.400000000000006,-9.49823103725543,4631.9525,2079.77640965891
"645",2014-01-31,"Foundation Doctor Year 1",1897.42,1.7110694183865,10.4,-0.5,-8.68893058161351,4794.0445,2069.37752761061
"646",2014-02-28,"Foundation Doctor Year 1",1895.28,1.59635486464755,10.8,0.399999999999991,-9.20364513535245,4965.7385,2077.65503772106
"647",2014-03-31,"Foundation Doctor Year 1",1894.88,1.57491289198607,11,0.200000000000003,-9.42508710801393,5141.5635,2081.8103477965
"648",2014-04-30,"Foundation Doctor Year 1",1893.32,1.49128919860627,11.3,0.299999999999997,-9.80871080139373,5324.545,2088.05577883989
"649",2014-05-31,"Foundation Doctor Year 1",1897.88,1.7357276869472,11.3,0,-9.56427231305279,5502.9665,2088.05577883989
"650",2014-06-30,"Foundation Doctor Year 1",1894.94,1.57812918788529,11.5,0.200000000000003,-9.92187081211471,5688.059,2092.23189039757
"651",2014-07-31,"Foundation Doctor Year 1",1896.39,1.65585633878317,11.3,-0.200000000000003,-9.64414366121682,5867.9705,2088.04742661677
"652",2014-08-31,"Foundation Doctor Year 1",1930.35,3.47627981774323,11.6,0.300000000000011,-8.12372018225678,6019.5185,2094.31156889662
"653",2014-09-30,"Foundation Doctor Year 1",1900.78,1.89118198874296,11.7,0.0999999999999943,-9.80881801125704,6202.502,2096.40588046552
"654",2014-10-31,"Foundation Doctor Year 1",1897.36,1.70785312248726,11.8,0.0999999999999943,-10.0921468775127,6390.771,2098.50228634598
"655",2014-11-30,"Foundation Doctor Year 1",1899.27,1.81023854194586,11.6,-0.199999999999989,-9.78976145805415,6573.399,2094.30528177329
"656",2014-12-31,"Foundation Doctor Year 1",1894.16,1.53631734119539,11.6,0,-10.0636826588046,6761.137,2094.30528177329
"657",2015-01-31,"Foundation Doctor Year 1",1898.48,1.76789064593943,10.9,-0.700000000000003,-9.13210935406058,6931.4965,2079.64514480088
"658",2015-02-28,"Foundation Doctor Year 1",1896.74,1.67461806486197,11.2,0.299999999999997,-9.52538193513804,7109.1925,2085.88408023528
"659",2015-03-31,"Foundation Doctor Year 1",1896.12,1.64138300723666,11.3,0.0999999999999943,-9.65861699276334,7289.374,2087.96996431552
"660",2015-04-30,"Foundation Doctor Year 1",1897.34,1.70678102385419,11.6,0.300000000000011,-9.89321897614582,7473.932,2094.23387420846
"661",2015-05-31,"Foundation Doctor Year 1",1898.47,1.76735459662289,11.8,0.199999999999989,-10.0326454033771,7661.091,2098.42234195688
"662",2015-06-30,"Foundation Doctor Year 1",1897.53,1.7169659608684,11.8,0,-10.0830340391316,7849.19,2098.42234195688
"663",2015-07-31,"Foundation Doctor Year 1",1898.66,1.7775395336371,11.7,-0.0999999999999943,-9.9224604663629,8034.2935,2096.32391961492
"664",2015-08-31,"Foundation Doctor Year 1",1929.59,3.43554006968641,12,0.299999999999997,-8.56445993031359,8194.0635,2102.61289137377
"665",2015-09-30,"Foundation Doctor Year 1",1898.68,1.77861163227017,11.9,-0.0999999999999943,-10.1213883677298,8382.878,2100.5102784824
"666",2015-10-31,"Foundation Doctor Year 1",1897.18,1.6982042347896,12,0.0999999999999943,-10.3017957652104,8575.058,2102.61078876088
"667",2015-11-30,"Foundation Doctor Year 1",1895.95,1.63227016885554,12,0,-10.3677298311445,8768.468,2102.61078876088
"668",2015-12-31,"Foundation Doctor Year 1",1895.14,1.58885017421603,12.1,0.100000000000009,-10.511149825784,8964.5535,2104.71339954964
"669",2016-01-31,"Foundation Doctor Year 1",1887.9,1.20075046904316,11.6,-0.5,-10.3992495309569,9158.5515,2094.18983255189
"670",2016-02-29,"Foundation Doctor Year 1",1863.2,-0.123291342803535,11.8,0.199999999999989,-11.9232913428035,9380.9805,2098.37821221699
"671",2016-03-31,"Foundation Doctor Year 1",1861.65,-0.206378986866787,12.1,0.300000000000011,-12.3063789868668,9610.556,2104.67334685365
"672",2016-04-30,"Foundation Doctor Year 1",1850.82,-0.786920396676498,12.3,0.199999999999989,-13.0869203966765,9854.6925,2108.88269354735
"673",2016-05-31,"Foundation Doctor Year 1",1872.17,0.357544894130264,12.5,0.200000000000003,-12.1424551058697,10081.21,2113.10045893445
"674",2016-06-30,"Foundation Doctor Year 1",1899.63,1.8295363173412,12.7,0.200000000000003,-10.8704636826588,10283.9985,2117.32665985232
"675",2016-07-31,"Foundation Doctor Year 1",1916.05,2.70972929509515,12.6,-0.0999999999999943,-9.89027070490486,10468.5015,2115.20933319246
"676",2016-08-31,"Foundation Doctor Year 1",1941.06,4.05038863575449,12.9,0.299999999999997,-8.84961136424552,10633.591,2121.55496119204
"677",2016-09-30,"Foundation Doctor Year 1",1918.67,2.85017421602788,13.2,0.299999999999997,-10.3498257839721,10826.667,2127.91962607562
"678",2016-10-31,"Foundation Doctor Year 1",1914.48,2.62556955239882,13.3,0.0999999999999943,-10.6744304476012,11025.7985,2130.04754570169
"679",2016-11-30,"Foundation Doctor Year 1",1919.02,2.86893594210667,13.5,0.200000000000003,-10.6310640578933,11224.121,2134.3076407931
"680",2016-12-31,"Foundation Doctor Year 1",2111.86,13.2061109622085,13.9,0.400000000000006,-0.693889037791475,11237.0655,2142.84487135627
"681",2017-01-31,"Foundation Doctor Year 1",2182.83,17.0104529616725,13.5,-0.400000000000006,3.51045296167247,11171.578,2134.27349187084
"682",2017-02-28,"Foundation Doctor Year 1",2183.77,17.060841597427,14.1,0.600000000000009,2.96084159742696,11116.3435,2147.07913282207
"683",2017-03-31,"Foundation Doctor Year 1",2185.74,17.1664433127848,14.4,0.299999999999997,2.76644331278476,11064.7355,2153.52037022054
"684",2017-04-30,"Foundation Doctor Year 1",2179.44,16.8287322433664,14.9,0.5,1.92873224336639,11028.755,2164.28797207164
"685",2017-05-31,"Foundation Doctor Year 1",2232.83,19.6906995443581,15.2,0.299999999999997,4.49069954435807,10944.981,2170.78083598785
"686",2017-06-30,"Foundation Doctor Year 1",2207.43,18.3291342803538,15.2,0,3.12913428035378,10886.607,2170.78083598785
"687",2017-07-31,"Foundation Doctor Year 1",2205.47,18.2240686143125,15.2,0,3.0240686143125,10830.193,2170.78083598785
"688",2017-08-31,"Foundation Doctor Year 1",2241.43,20.15170195658,15.7,0.5,4.45170195658,10747.1465,2181.63474016779
"689",2017-09-30,"Foundation Doctor Year 1",2217.42,18.8646475475744,16,0.299999999999997,2.86464754757438,10693.7065,2188.1796443883
"690",2017-10-31,"Foundation Doctor Year 1",2217.09,18.8469579201287,16.1,0.100000000000009,2.74695792012865,10642.462,2190.36782403268
"691",2017-11-30,"Foundation Doctor Year 1",2221.46,19.0812114714554,16.4,0.299999999999997,2.68121147145537,10592.444,2196.93892750478
"692",2017-12-31,"Foundation Doctor Year 1",2209.49,18.4395604395604,16.7,0.299999999999997,1.73956043956042,10559.9925,2203.5297442873
"693",2018-01-31,"Foundation Doctor Year 1",2218.31,18.9123559367462,16.2,-0.5,2.71235593674617,10509.3935,2192.51209556586
"694",2018-02-28,"Foundation Doctor Year 1",2216.44,18.8121147145537,16.6,0.400000000000006,2.21211471455373,10468.1265,2201.28214394812
"695",2018-03-31,"Foundation Doctor Year 1",2218.85,18.9413025998392,16.8,0.199999999999989,2.14130259983919,10428.1805,2205.68470823602
"696",2018-04-30,"Foundation Doctor Year 1",2214.78,18.7231305280086,17.2,0.400000000000006,1.52313052800859,10399.7665,2214.50744706896
"697",2018-05-31,"Foundation Doctor Year 1",2218.08,18.9000268024658,17.6,0.400000000000006,1.30002680246582,10375.5145,2223.36547685724
"698",2018-06-30,"Foundation Doctor Year 1",2218.28,18.9107477887966,17.6,0,1.31074778879657,10351.0625,2223.36547685724
"699",2018-07-31,"Foundation Doctor Year 1",2219,18.9493433395872,17.6,0,1.34934333958723,10325.8905,2223.36547685724
"700",2018-08-31,"Foundation Doctor Year 1",2355.24,26.252479228089,18.2,0.599999999999994,8.05247922808897,10175.6715,2236.70566971838
"701",2018-09-30,"Foundation Doctor Year 1",2222.42,19.1326722058429,18.3,0.0999999999999943,0.832672205842943,10160.138,2238.9423753881
"702",2018-10-31,"Foundation Doctor Year 1",2265.21,21.4264272313053,18.4,0.100000000000009,3.02642723130527,10103.68,2241.18131776349
"703",2018-11-30,"Foundation Doctor Year 1",2265.78,21.4569820423479,18.6,0.200000000000003,2.8569820423479,10050.383,2245.66368039902
"704",2018-12-31,"Foundation Doctor Year 1",2259.75,21.133744304476,18.8,0.199999999999989,2.33374430447601,10006.847,2250.15500775981
"705",2019-01-31,"Foundation Doctor Year 1",2263.94,21.3583489681051,18.1,-0.699999999999989,3.25834896810506,9946.06250000001,2234.4039227055
"706",2019-02-28,"Foundation Doctor Year 1",2263.36,21.3272581077459,18.5,0.399999999999991,2.82725810774592,9893.32000000001,2243.34153839632
"707",2019-03-31,"Foundation Doctor Year 1",2262.36,21.2736531760922,18.7,0.200000000000003,2.5736531760922,9845.3085,2247.82822147311
"708",2019-04-30,"Foundation Doctor Year 1",2260.82,21.1911015813455,19.3,0.599999999999994,1.8911015813455,9810.03,2261.31519080195
"709",2019-05-31,"Foundation Doctor Year 1",2263.83,21.3524524256232,19.6,0.300000000000011,1.75245242562314,9777.33800000001,2268.09913637436
"710",2019-06-30,"Foundation Doctor Year 1",2265.41,21.437148217636,19.6,0,1.83714821763601,9743.06600000001,2268.09913637436
"711",2019-07-31,"Foundation Doctor Year 1",2262.98,21.3068882337175,19.7,0.0999999999999943,1.6068882337175,9713.08950000001,2270.36723551073
"712",2019-08-31,"Foundation Doctor Year 1",1998.29,7.11819887429643,20,0.299999999999997,-12.8818011257036,9953.3995,2277.17833721726
"713",2019-09-30,"Foundation Doctor Year 1",2353.92,26.1817207183061,20.1,0.100000000000009,6.08172071830608,9839.94500000001,2279.45551555448
"714",2019-10-31,"Foundation Doctor Year 1",2307.74,23.7062449745376,20,-0.100000000000009,3.70624497453765,9770.80500000001,2277.17606003892
"715",2019-11-30,"Foundation Doctor Year 1",2306.42,23.6354864647548,20.2,0.200000000000003,3.43548646475476,9706.71600000001,2281.730412159
"716",2019-12-31,"Foundation Doctor Year 1",2298.22,23.1959260251943,20.2,0,2.9959260251943,9650.82700000001,2281.730412159
"717",2020-01-31,"Foundation Doctor Year 1",2306.09,23.617796837309,20,-0.200000000000003,3.61779683730904,9583.33700000001,2277.16695133468
"718",2020-02-29,"Foundation Doctor Year 1",2308.31,23.7367997855803,20.3,0.299999999999997,3.43679978558027,9519.22350000001,2283.99845218869
"719",2020-03-31,"Foundation Doctor Year 1",2306.79,23.6553202894666,20.3,0,3.35532028946663,9456.63000000001,2283.99845218869
"720",2020-04-30,"Foundation Doctor Year 1",2336.01,25.2216563923881,20.3,0,4.92165639238812,9364.81650000001,2283.99845218869
"721",2020-05-31,"Foundation Doctor Year 1",2358.3,26.4165103189494,20.3,0,6.11651031894936,9250.71300000001,2283.99845218869
"722",2020-06-30,"Foundation Doctor Year 1",2359.49,26.4803001876172,20.5,0.200000000000003,5.98030018761725,9139.15050000001,2288.56644909307
"723",2020-07-31,"Foundation Doctor Year 1",2326.61,24.7177700348432,20.9,0.400000000000006,3.81777003484321,9067.93000000001,2297.72071488944
"724",2020-08-31,"Foundation Doctor Year 1",2211.79,18.562851782364,20.5,-0.400000000000006,-1.93714821763602,9104.06750000001,2288.52983202988
"725",2020-09-30,"Foundation Doctor Year 1",2355.37,26.259447869204,20.9,0.400000000000006,5.35944786920395,9004.08700000001,2297.683951358
"726",2020-10-31,"Foundation Doctor Year 1",2353.88,26.1795765210399,20.9,0,5.27957652103994,8905.59650000001,2297.683951358
"727",2020-11-30,"Foundation Doctor Year 1",2351.73,26.0643259179845,20.8,-0.100000000000009,5.26432591798446,8807.39050000001,2295.38626740664
"728",2020-12-31,"Foundation Doctor Year 1",2348.05,25.8670597694988,21.1,0.300000000000011,4.76705976949879,8718.46100000001,2302.27242620886
"729",2021-01-31,"Foundation Doctor Year 1",2351.66,26.0605735727687,21,-0.100000000000009,5.06057357276869,8624.05600000001,2299.97015378265
"730",2021-02-28,"Foundation Doctor Year 1",2354.33,26.2036987402841,21.1,0.100000000000009,5.10369874028409,8528.84650000001,2302.27012393644
"731",2021-03-31,"Foundation Doctor Year 1",2351.54,26.0541409809702,21.4,0.299999999999997,4.65414098097024,8442.02350000001,2309.17693430824
"732",2021-04-30,"Foundation Doctor Year 1",2385.78,27.8895738407934,22.1,0.700000000000003,5.78957384079336,8334.01900000001,2325.3411728484
"733",2021-05-31,"Foundation Doctor Year 1",2399.42,28.62074510855,22.7,0.599999999999994,5.92074510854999,8223.56750000001,2339.29321988549
"734",2021-06-30,"Foundation Doctor Year 1",2398,28.5446261056017,23.1,0.400000000000006,5.44462610560171,8121.99800000001,2348.65039276503
"735",2021-07-31,"Foundation Doctor Year 1",2396.49,28.4636826588046,23.1,0,5.36368265880459,8021.93850000001,2348.65039276503
"736",2021-08-31,"Foundation Doctor Year 1",2276.83,22.0493165371214,23.8,0.699999999999989,-1.75068346287859,8054.59750000001,2365.09094551439
"737",2021-09-30,"Foundation Doctor Year 1",2400.24,28.664701152506,24.1,0.300000000000011,4.56470115250601,7969.44300000001,2372.18621835093
"738",2021-10-31,"Foundation Doctor Year 1",2390.95,28.166711337443,25.1,1,3.06671133744303,7912.23350000001,2395.90808053444
"739",2021-11-30,"Foundation Doctor Year 1",2399.59,28.6298579469311,25.8,0.699999999999989,2.82985794693113,7859.44250000001,2412.67943709818
"740",2021-12-31,"Foundation Doctor Year 1",2401.12,28.7118734923613,26.382,0.582000000000008,2.32987349236128,7815.97871000001,2426.7212314221
