"","date","group","amount","salary_change"
"1",2009-09-30,"Consultant",7267.16,0
"2",2009-10-31,"Consultant",7262.64,-0.0621976122721879
"3",2009-11-30,"Consultant",7264.02,-0.0432080757820031
"4",2009-12-31,"Consultant",7256.37,-0.148476158499331
"5",2010-01-31,"Consultant",7254.18,-0.178611727277225
"6",2010-02-28,"Consultant",7268.91,0.0240809339549425
"7",2010-03-31,"Consultant",7264.48,-0.0368782302852874
"8",2010-04-30,"Consultant",7276.17,0.123982408533736
"9",2010-05-31,"Consultant",7276.16,0.123844803196847
"10",2010-06-30,"Consultant",7279.42,0.168704143021486
"11",2010-07-31,"Consultant",7279.29,0.166915273641974
"12",2010-08-31,"Consultant",7273.42,0.0861409408902545
"13",2010-09-30,"Consultant",7274.81,0.105268082717328
"14",2010-10-31,"Consultant",7279.18,0.16540161493624
"15",2010-11-30,"Consultant",7271.48,0.0594455055344826
"16",2010-12-31,"Consultant",7271.82,0.0641240869885878
"17",2011-01-31,"Consultant",7269.01,0.0254569873238014
"18",2011-02-28,"Consultant",7274.5,0.101002317273875
"19",2011-03-31,"Consultant",7272.3,0.0707291431590928
"20",2011-04-30,"Consultant",7275.51,0.114900456299302
"21",2011-05-31,"Consultant",7281.42,0.196225210398563
"22",2011-06-30,"Consultant",7283.89,0.230213728609257
"23",2011-07-31,"Consultant",7281.47,0.196913237082993
"24",2011-08-31,"Consultant",7286.46,0.265578300188797
"25",2011-09-30,"Consultant",7285.57,0.253331425205993
"26",2011-10-31,"Consultant",7308.99,0.575603124191568
"27",2011-11-30,"Consultant",7277.36,0.140357443623091
"28",2011-12-31,"Consultant",7270.06,0.0399055476967694
"29",2012-01-31,"Consultant",7270.76,0.0495379212787439
"30",2012-02-29,"Consultant",7273.87,0.0923331810500943
"31",2012-03-31,"Consultant",7274.15,0.0961861304828816
"32",2012-04-30,"Consultant",7277.92,0.148063342488678
"33",2012-05-31,"Consultant",7290.54,0.321721277638033
"34",2012-06-30,"Consultant",7281.58,0.198426895788727
"35",2012-07-31,"Consultant",7290.03,0.314703405456876
"36",2012-08-31,"Consultant",7279.51,0.169942591053456
"37",2012-09-30,"Consultant",7283.63,0.226635989850234
"38",2012-10-31,"Consultant",7285.19,0.248102422404347
"39",2012-11-30,"Consultant",7284.82,0.243011024939589
"40",2012-12-31,"Consultant",7279.4,0.168428932347709
"41",2013-01-31,"Consultant",7280,0.176685252560837
"42",2013-02-28,"Consultant",7277.36,0.140357443623091
"43",2013-03-31,"Consultant",7278.13,0.150953054563272
"44",2013-04-30,"Consultant",7300.7,0.461528299913583
"45",2013-05-31,"Consultant",7457.17,2.61463900615922
"46",2013-06-30,"Consultant",7392.59,1.7259837405534
"47",2013-07-31,"Consultant",7388.23,1.66598781367136
"48",2013-08-31,"Consultant",7379.2,1.54173019446386
"49",2013-09-30,"Consultant",7376.92,1.510356177654
"50",2013-10-31,"Consultant",7391.29,1.70809504675829
"51",2013-11-30,"Consultant",7382.83,1.59168093175326
"52",2013-12-31,"Consultant",7388.59,1.67094160579924
"53",2014-01-31,"Consultant",7383.8,1.60502864943114
"54",2014-02-28,"Consultant",7380.64,1.56154536297536
"55",2014-03-31,"Consultant",7373.93,1.46921218192527
"56",2014-04-30,"Consultant",7395.86,1.77098068571491
"57",2014-05-31,"Consultant",7402.42,1.86124978671173
"58",2014-06-30,"Consultant",7411.65,1.98825951265694
"59",2014-07-31,"Consultant",7411.97,1.99266288343728
"60",2014-08-31,"Consultant",7400.4,1.83345350866088
"61",2014-09-30,"Consultant",7404.42,1.88877085408881
"62",2014-10-31,"Consultant",7403.49,1.87597355775846
"63",2014-11-30,"Consultant",7402.92,1.868130053556
"64",2014-12-31,"Consultant",7403.68,1.87858805915929
"65",2015-01-31,"Consultant",7396.36,1.77786095255918
"66",2015-02-28,"Consultant",7401.91,1.85423191453057
"67",2015-03-31,"Consultant",7402.12,1.85712162660517
"68",2015-04-30,"Consultant",7410.75,1.97587503233726
"69",2015-05-31,"Consultant",7411.54,1.9867458539512
"70",2015-06-30,"Consultant",7411.74,1.98949796068891
"71",2015-07-31,"Consultant",7415.13,2.03614616989306
"72",2015-08-31,"Consultant",7409.38,1.95702310118396
"73",2015-09-30,"Consultant",7407.71,1.9340430099241
"74",2015-10-31,"Consultant",7416.12,2.04976909824471
"75",2015-11-30,"Consultant",7416.21,2.05100754627668
"76",2015-12-31,"Consultant",7420.68,2.11251713186445
"77",2016-01-31,"Consultant",7411.64,1.98812190732006
"78",2016-02-29,"Consultant",7417.11,2.06339202659636
"79",2016-03-31,"Consultant",7414.7,2.03022914040698
"80",2016-04-30,"Consultant",7415.05,2.03504532719797
"81",2016-05-31,"Consultant",7571.74,4.19118335085508
"82",2016-06-30,"Consultant",7505.5,3.27968559932629
"83",2016-07-31,"Consultant",7495.11,3.13671365430237
"84",2016-08-31,"Consultant",7491.89,3.09240473582528
"85",2016-09-30,"Consultant",7488.25,3.042316393199
"86",2016-10-31,"Consultant",7496.12,3.15061179332779
"87",2016-11-30,"Consultant",7492.92,3.10657808552447
"88",2016-12-31,"Consultant",7488.02,3.03915147045064
"89",2017-01-31,"Consultant",7487.2,3.02786783282603
"90",2017-02-28,"Consultant",7497.72,3.17262864722946
"91",2017-03-31,"Consultant",7495.59,3.14331871047287
"92",2017-04-30,"Consultant",7487.56,3.03282162495391
"93",2017-05-31,"Consultant",7646.59,5.2211592974422
"94",2017-06-30,"Consultant",7570.26,4.17081776099605
"95",2017-07-31,"Consultant",7569.24,4.15678201663373
"96",2017-08-31,"Consultant",7563.34,4.07559486787136
"97",2017-09-30,"Consultant",7564.7,4.09430919368777
"98",2017-10-31,"Consultant",7580,4.30484535912241
"99",2017-11-30,"Consultant",7577.19,4.26617825945761
"100",2017-12-31,"Consultant",7573.45,4.21471386346248
"101",2018-01-31,"Consultant",7570.49,4.17398268374441
"102",2018-02-28,"Consultant",7574.35,4.22709834378217
"103",2018-03-31,"Consultant",7578.13,4.27911316112484
"104",2018-04-30,"Consultant",7603.94,4.63427253562602
"105",2018-05-31,"Consultant",7609,4.70390083609003
"106",2018-06-30,"Consultant",7605.17,4.65119799206293
"107",2018-07-31,"Consultant",7599.37,4.5713868966694
"108",2018-08-31,"Consultant",7614.78,4.78343672080978
"109",2018-09-30,"Consultant",7608.59,4.69825901727773
"110",2018-10-31,"Consultant",7726.18,6.31636017371298
"111",2018-11-30,"Consultant",7723.62,6.28113320747032
"112",2018-12-31,"Consultant",7718.1,6.20517506150959
"113",2019-01-31,"Consultant",7722.41,6.26448296170719
"114",2019-02-28,"Consultant",7724.95,6.29943471727607
"115",2019-03-31,"Consultant",7721.57,6.25292411340881
"116",2019-04-30,"Consultant",7733.25,6.41364714689095
"117",2019-05-31,"Consultant",7746.13,6.59088282079933
"118",2019-06-30,"Consultant",7747.16,6.60505617049852
"119",2019-07-31,"Consultant",7736.51,6.45850648671559
"120",2019-08-31,"Consultant",7735.67,6.44694763841721
"121",2019-09-30,"Consultant",8855.32,21.8539291827894
"122",2019-10-31,"Consultant",7959.62,9.52861915796542
"123",2019-11-30,"Consultant",7936.7,9.21322772582412
"124",2019-12-31,"Consultant",7935.81,9.20098085084133
"125",2020-01-31,"Consultant",7934.91,9.18859637052164
"126",2020-02-29,"Consultant",7941.84,9.28395686898321
"127",2020-03-31,"Consultant",7942.3,9.29028671447994
"128",2020-04-30,"Consultant",7924.2,9.04122105471739
"129",2020-05-31,"Consultant",7960.23,9.53701308351543
"130",2020-06-30,"Consultant",7962.99,9.5749921564958
"131",2020-07-31,"Consultant",7952.02,9.42403910193254
"132",2020-08-31,"Consultant",7946.63,9.34986982535131
"133",2020-09-30,"Consultant",9222.73,26.9096868652954
"134",2020-10-31,"Consultant",8189.07,12.6859736128006
"135",2020-11-30,"Consultant",8172.95,12.4641538097414
"136",2020-12-31,"Consultant",8161.2,12.302467538901
"137",2021-01-31,"Consultant",8165.25,12.3581977003396
"138",2021-02-28,"Consultant",8172.22,12.4541086201487
"139",2021-03-31,"Consultant",8180.32,12.5655689430259
"140",2021-04-30,"Consultant",8183.5,12.6093274401554
"141",2021-05-31,"Consultant",8183.63,12.611116309535
"142",2021-06-30,"Consultant",8171.78,12.4480539853258
"143",2021-07-31,"Consultant",8181.74,12.5851089008636
"144",2021-08-31,"Consultant",8167.66,12.391360586529
"145",2021-09-30,"Consultant",9601.63,32.1235530798826
"146",2021-10-31,"Consultant",8429.07,15.9885016980499
"147",2021-11-30,"Consultant",8427.65,15.9689617402121
"148",2021-12-31,"Consultant",8432.91,16.0413421474138
"149",2009-09-30,"Specialty Registrar",3164.32,0
"150",2009-10-31,"Specialty Registrar",3137.25,-0.855476058047232
"151",2009-11-30,"Specialty Registrar",3170.92,0.208575618142284
"152",2009-12-31,"Specialty Registrar",3153.56,-0.340041462304704
"153",2010-01-31,"Specialty Registrar",3163.06,-0.0398189816453525
"154",2010-02-28,"Specialty Registrar",3149.72,-0.461394549223857
"155",2010-03-31,"Specialty Registrar",3182.87,0.586223896445357
"156",2010-04-30,"Specialty Registrar",3153.77,-0.333404965363812
"157",2010-05-31,"Specialty Registrar",3241.27,2.43180209334074
"158",2010-06-30,"Specialty Registrar",3216.83,1.65944025888658
"159",2010-07-31,"Specialty Registrar",3206.44,1.33109167214441
"160",2010-08-31,"Specialty Registrar",3104.32,-1.8961419831117
"161",2010-09-30,"Specialty Registrar",3215.83,1.62783789250138
"162",2010-10-31,"Specialty Registrar",3193.6,0.925317287758499
"163",2010-11-30,"Specialty Registrar",3230.98,2.10661374323709
"164",2010-12-31,"Specialty Registrar",3217.36,1.67618951307074
"165",2011-01-31,"Specialty Registrar",3219.24,1.73560196187489
"166",2011-02-28,"Specialty Registrar",3204.81,1.27957981493654
"167",2011-03-31,"Specialty Registrar",3225.91,1.94638974566415
"168",2011-04-30,"Specialty Registrar",3207.65,1.36933053547049
"169",2011-05-31,"Specialty Registrar",3230.94,2.10534964858168
"170",2011-06-30,"Specialty Registrar",3227.69,2.0026419578298
"171",2011-07-31,"Specialty Registrar",3226.53,1.96598321282298
"172",2011-08-31,"Specialty Registrar",3145.24,-0.602973150629531
"173",2011-09-30,"Specialty Registrar",3220.89,1.78774586641047
"174",2011-10-31,"Specialty Registrar",3214.41,1.5829625322344
"175",2011-11-30,"Specialty Registrar",3248.14,2.64891035040703
"176",2011-12-31,"Specialty Registrar",3214.11,1.57348182231885
"177",2012-01-31,"Specialty Registrar",3230.6,2.09460484401071
"178",2012-02-29,"Specialty Registrar",3226.13,1.9533422662689
"179",2012-03-31,"Specialty Registrar",3229.25,2.0519416493907
"180",2012-04-30,"Specialty Registrar",3222.39,1.83514941598826
"181",2012-05-31,"Specialty Registrar",3239.59,2.37871011781362
"182",2012-06-30,"Specialty Registrar",3236.44,2.27916266370025
"183",2012-07-31,"Specialty Registrar",3231.26,2.11546240582495
"184",2012-08-31,"Specialty Registrar",3221.55,1.80860342822471
"185",2012-09-30,"Specialty Registrar",3237.49,2.3123451484047
"186",2012-10-31,"Specialty Registrar",3236.08,2.26778581180158
"187",2012-11-30,"Specialty Registrar",3243.29,2.49563887343884
"188",2012-12-31,"Specialty Registrar",3222.01,1.8231405167619
"189",2013-01-31,"Specialty Registrar",3236.3,2.27473833240633
"190",2013-02-28,"Specialty Registrar",3185.65,0.674078474996205
"191",2013-03-31,"Specialty Registrar",3235.99,2.26494159882691
"192",2013-04-30,"Specialty Registrar",3229.24,2.05162562572684
"193",2013-05-31,"Specialty Registrar",3309.58,4.59055974111341
"194",2013-06-30,"Specialty Registrar",3267.84,3.27147696819538
"195",2013-07-31,"Specialty Registrar",3270.39,3.35206300247762
"196",2013-08-31,"Specialty Registrar",3145.79,-0.585591849117668
"197",2013-09-30,"Specialty Registrar",3275.62,3.51734337867219
"198",2013-10-31,"Specialty Registrar",3267.68,3.26642058957374
"199",2013-11-30,"Specialty Registrar",3268.12,3.28032563078322
"200",2013-12-31,"Specialty Registrar",3254.6,2.85306163725539
"201",2014-01-31,"Specialty Registrar",3256.83,2.92353491429437
"202",2014-02-28,"Specialty Registrar",3212.74,1.53018658037113
"203",2014-03-31,"Specialty Registrar",3263.56,3.13621884006674
"204",2014-04-30,"Specialty Registrar",3263.97,3.14917581028466
"205",2014-05-31,"Specialty Registrar",3272.08,3.4054710016686
"206",2014-06-30,"Specialty Registrar",3268.95,3.30655559488293
"207",2014-07-31,"Specialty Registrar",3262.35,3.09797997674065
"208",2014-08-31,"Specialty Registrar",3123.8,-1.2805278859281
"209",2014-09-30,"Specialty Registrar",3273.67,3.45571876422106
"210",2014-10-31,"Specialty Registrar",3272.9,3.43138494210446
"211",2014-11-30,"Specialty Registrar",3269.92,3.33720989027658
"212",2014-12-31,"Specialty Registrar",3255.73,2.88877231127066
"213",2015-01-31,"Specialty Registrar",3259.9,3.02055417909693
"214",2015-02-28,"Specialty Registrar",3223.68,1.87591646862516
"215",2015-03-31,"Specialty Registrar",3266.66,3.23418617586084
"216",2015-04-30,"Specialty Registrar",3264.8,3.17540577438439
"217",2015-05-31,"Specialty Registrar",3268.49,3.29201850634574
"218",2015-06-30,"Specialty Registrar",3266.78,3.23797845982707
"219",2015-07-31,"Specialty Registrar",3263.64,3.13874702937755
"220",2015-08-31,"Specialty Registrar",3127.96,-1.14906204176569
"221",2015-09-30,"Specialty Registrar",3259.62,3.01170551650907
"222",2015-10-31,"Specialty Registrar",3254.18,2.83978864337361
"223",2015-11-30,"Specialty Registrar",3290.39,3.98411033018151
"224",2015-12-31,"Specialty Registrar",3273.56,3.45224250391869
"225",2016-01-31,"Specialty Registrar",3274.94,3.49585376953026
"226",2016-02-29,"Specialty Registrar",3226.2,1.95555443191585
"227",2016-03-31,"Specialty Registrar",3244.81,2.54367447034433
"228",2016-04-30,"Specialty Registrar",3216.83,1.65944025888658
"229",2016-05-31,"Specialty Registrar",3266.59,3.23197401021388
"230",2016-06-30,"Specialty Registrar",3296.88,4.18920968802144
"231",2016-07-31,"Specialty Registrar",3304.08,4.41674672599483
"232",2016-08-31,"Specialty Registrar",3232.25,2.14674874854629
"233",2016-09-30,"Specialty Registrar",3313.31,4.70843656773018
"234",2016-10-31,"Specialty Registrar",3313.52,4.71507306467108
"235",2016-11-30,"Specialty Registrar",3338.67,5.50987257925873
"236",2016-12-31,"Specialty Registrar",3317.26,4.83326591495171
"237",2017-01-31,"Specialty Registrar",3319.47,4.90310714466298
"238",2017-02-28,"Specialty Registrar",3321.94,4.98116498963442
"239",2017-03-31,"Specialty Registrar",3325.34,5.08861303534409
"240",2017-04-30,"Specialty Registrar",3323.13,5.0187718056328
"241",2017-05-31,"Specialty Registrar",3409.89,7.76059311321231
"242",2017-06-30,"Specialty Registrar",3369.23,6.47564089599029
"243",2017-07-31,"Specialty Registrar",3367.5,6.4209688021439
"244",2017-08-31,"Specialty Registrar",3403.28,7.55170147140618
"245",2017-09-30,"Specialty Registrar",3485.04,10.1355109470597
"246",2017-10-31,"Specialty Registrar",3501.93,10.6692749153056
"247",2017-11-30,"Specialty Registrar",3530.03,11.5573014107296
"248",2017-12-31,"Specialty Registrar",3515.88,11.1101279263791
"249",2018-01-31,"Specialty Registrar",3489.03,10.2616043889366
"250",2018-02-28,"Specialty Registrar",3441.34,8.7544875360267
"251",2018-03-31,"Specialty Registrar",3519.72,11.2314810132983
"252",2018-04-30,"Specialty Registrar",3522.86,11.3307124437478
"253",2018-05-31,"Specialty Registrar",3529.06,11.526647115336
"254",2018-06-30,"Specialty Registrar",3524.78,11.3913889872074
"255",2018-07-31,"Specialty Registrar",3517.83,11.1717525408302
"256",2018-08-31,"Specialty Registrar",3549.54,12.1738635789048
"257",2018-09-30,"Specialty Registrar",3573.87,12.9427491530566
"258",2018-10-31,"Specialty Registrar",3646.16,15.2272842190423
"259",2018-11-30,"Specialty Registrar",3650.62,15.3682307731203
"260",2018-12-31,"Specialty Registrar",3644.7,15.1811447641199
"261",2019-01-31,"Specialty Registrar",3640.03,15.0335617131011
"262",2019-02-28,"Specialty Registrar",3600.24,13.7761035546342
"263",2019-03-31,"Specialty Registrar",3641.49,15.0797011680234
"264",2019-04-30,"Specialty Registrar",3639.93,15.0304014764625
"265",2019-05-31,"Specialty Registrar",3642.64,15.1160438893664
"266",2019-06-30,"Specialty Registrar",3638.21,14.97604540628
"267",2019-07-31,"Specialty Registrar",3636.94,14.9359104009708
"268",2019-08-31,"Specialty Registrar",3489.28,10.2695049805329
"269",2019-09-30,"Specialty Registrar",4040.71,27.695997876321
"270",2019-10-31,"Specialty Registrar",3737.42,18.1113161753552
"271",2019-11-30,"Specialty Registrar",3735.78,18.0594882944835
"272",2019-12-31,"Specialty Registrar",3733.41,17.9845906861506
"273",2020-01-31,"Specialty Registrar",3735.23,18.0421069929716
"274",2020-02-29,"Specialty Registrar",3690.49,16.628217120898
"275",2020-03-31,"Specialty Registrar",3733.68,17.9931233250746
"276",2020-04-30,"Specialty Registrar",3808.06,20.3437073368054
"277",2020-05-31,"Specialty Registrar",3823.27,20.8243793295242
"278",2020-06-30,"Specialty Registrar",3816.6,20.6135915457349
"279",2020-07-31,"Specialty Registrar",3813.13,20.5039313343783
"280",2020-08-31,"Specialty Registrar",3687.85,16.5447868736411
"281",2020-09-30,"Specialty Registrar",3797.07,19.9963973302321
"282",2020-10-31,"Specialty Registrar",3791.36,19.8159478181726
"283",2020-11-30,"Specialty Registrar",3850.11,21.6725868433028
"284",2020-12-31,"Specialty Registrar",3838.11,21.2933584466805
"285",2021-01-31,"Specialty Registrar",3842.3,21.4257723618345
"286",2021-02-28,"Specialty Registrar",3826.34,20.9213985943267
"287",2021-03-31,"Specialty Registrar",3847.99,21.6055898265662
"288",2021-04-30,"Specialty Registrar",3911.25,23.6047555240936
"289",2021-05-31,"Specialty Registrar",3922.27,23.9530136016585
"290",2021-06-30,"Specialty Registrar",3922.95,23.9745032108004
"291",2021-07-31,"Specialty Registrar",3920.39,23.8936011528543
"292",2021-08-31,"Specialty Registrar",3827.91,20.9710143095515
"293",2021-09-30,"Specialty Registrar",3928.19,24.1400996106588
"294",2021-10-31,"Specialty Registrar",3941.7,24.5670475805228
"295",2021-11-30,"Specialty Registrar",3990.01,26.0937579005916
"296",2021-12-31,"Specialty Registrar",3989.69,26.0836451433483
"297",2009-09-30,"Core Training",2668.71,0
"298",2009-10-31,"Core Training",2653.21,-0.580804958200779
"299",2009-11-30,"Core Training",2668.93,0.00824368327768097
"300",2009-12-31,"Core Training",2667.98,-0.0273540399668761
"301",2010-01-31,"Core Training",2669.45,0.0277287528431258
"302",2010-02-28,"Core Training",2662.13,-0.246561072578134
"303",2010-03-31,"Core Training",2679.99,0.422676124419654
"304",2010-04-30,"Core Training",2656.94,-0.441037055356333
"305",2010-05-31,"Core Training",2731.57,2.35544514016136
"306",2010-06-30,"Core Training",2712.41,1.63749526924993
"307",2010-07-31,"Core Training",2708.13,1.47711815821127
"308",2010-08-31,"Core Training",2598.37,-2.63573037160276
"309",2010-09-30,"Core Training",2691.25,0.844602823086808
"310",2010-10-31,"Core Training",2690.6,0.820246486129998
"311",2010-11-30,"Core Training",2698.2,1.10502827208651
"312",2010-12-31,"Core Training",2700.68,1.19795706539863
"313",2011-01-31,"Core Training",2699.26,1.14474783696993
"314",2011-02-28,"Core Training",2693.8,0.94015460653275
"315",2011-03-31,"Core Training",2701.62,1.23318007576694
"316",2011-04-30,"Core Training",2685.78,0.63963487977338
"317",2011-05-31,"Core Training",2704.39,1.33697554249056
"318",2011-06-30,"Core Training",2705.11,1.36395486958119
"319",2011-07-31,"Core Training",2704.05,1.32423530469778
"320",2011-08-31,"Core Training",2625.05,-1.6359964177449
"321",2011-09-30,"Core Training",2688.02,0.723570564055291
"322",2011-10-31,"Core Training",2686.18,0.654623394823709
"323",2011-11-30,"Core Training",2696.16,1.02858684532976
"324",2011-12-31,"Core Training",2683.63,0.559071611377784
"325",2012-01-31,"Core Training",2694.97,0.983996013054988
"326",2012-02-29,"Core Training",2692.45,0.88956836823783
"327",2012-03-31,"Core Training",2693.87,0.942777596666549
"328",2012-04-30,"Core Training",2684.38,0.587175077097177
"329",2012-05-31,"Core Training",2697.01,1.06043743981175
"330",2012-06-30,"Core Training",2696.67,1.04769720201895
"331",2012-07-31,"Core Training",2697.58,1.08179607375848
"332",2012-08-31,"Core Training",2674.59,0.220331171240041
"333",2012-09-30,"Core Training",2689.9,0.794016584791905
"334",2012-10-31,"Core Training",2690.64,0.821745337635031
"335",2012-11-30,"Core Training",2695.05,0.986993716065071
"336",2012-12-31,"Core Training",2685.75,0.638510741144597
"337",2013-01-31,"Core Training",2693.02,0.910927002184574
"338",2013-02-28,"Core Training",2648.94,-0.740807356363186
"339",2013-03-31,"Core Training",2686.71,0.67448317726542
"340",2013-04-30,"Core Training",2681.53,0.480381907363489
"341",2013-05-31,"Core Training",2743.24,2.79273506675509
"342",2013-06-30,"Core Training",2716.79,1.80161950905119
"343",2013-07-31,"Core Training",2717.6,1.83197125202813
"344",2013-08-31,"Core Training",2554.95,-4.26273368031746
"345",2013-09-30,"Core Training",2714.63,1.72068152777934
"346",2013-10-31,"Core Training",2718.4,1.86194828212882
"347",2013-11-30,"Core Training",2720.01,1.92227705520645
"348",2013-12-31,"Core Training",2712.39,1.63674584349741
"349",2014-01-31,"Core Training",2720.87,1.95450236256468
"350",2014-02-28,"Core Training",2690.66,0.822494763387547
"351",2014-03-31,"Core Training",2718.11,1.85108160871732
"352",2014-04-30,"Core Training",2715.62,1.75777810252893
"353",2014-05-31,"Core Training",2718.48,1.86494598513889
"354",2014-06-30,"Core Training",2720.48,1.9398885603906
"355",2014-07-31,"Core Training",2721.54,1.97960812527401
"356",2014-08-31,"Core Training",2577.92,-3.40201820355153
"357",2014-09-30,"Core Training",2709.26,1.5194607132285
"358",2014-10-31,"Core Training",2718.28,1.85745172761372
"359",2014-11-30,"Core Training",2719.88,1.91740578781509
"360",2014-12-31,"Core Training",2713.14,1.66484930921681
"361",2015-01-31,"Core Training",2718.01,1.84733447995474
"362",2015-02-28,"Core Training",2698.52,1.11701908412679
"363",2015-03-31,"Core Training",2716.46,1.78925398413466
"364",2015-04-30,"Core Training",2718.72,1.87393909416908
"365",2015-05-31,"Core Training",2718.64,1.87094139115902
"366",2015-06-30,"Core Training",2720.35,1.93501729299923
"367",2015-07-31,"Core Training",2720.42,1.93764028313305
"368",2015-08-31,"Core Training",2603.14,-2.45699232962743
"369",2015-09-30,"Core Training",2706.97,1.43365146456527
"370",2015-10-31,"Core Training",2714.66,1.72180566640811
"371",2015-11-30,"Core Training",2723.25,2.04368402711422
"372",2015-12-31,"Core Training",2720.45,1.93876442176182
"373",2016-01-31,"Core Training",2735.61,2.50682914216982
"374",2016-02-29,"Core Training",2700.01,1.17285130268932
"375",2016-03-31,"Core Training",2711.11,1.58878259533633
"376",2016-04-30,"Core Training",2679.88,0.418554282780822
"377",2016-05-31,"Core Training",2715.8,1.7645229343016
"378",2016-06-30,"Core Training",2751.42,3.09925019953461
"379",2016-07-31,"Core Training",2766.45,3.66244365255122
"380",2016-08-31,"Core Training",2694.23,0.956267260211862
"381",2016-09-30,"Core Training",2771.01,3.83331272412515
"382",2016-10-31,"Core Training",2773.23,3.91649898265454
"383",2016-11-30,"Core Training",2775.97,4.01917031074938
"384",2016-12-31,"Core Training",2761.03,3.4593492736191
"385",2017-01-31,"Core Training",2766.95,3.68117929636415
"386",2017-02-28,"Core Training",2821.41,5.72186562046831
"387",2017-03-31,"Core Training",2844.36,6.58183167148173
"388",2017-04-30,"Core Training",2826.6,5.91634160324651
"389",2017-05-31,"Core Training",2902.45,8.75853876966773
"390",2017-06-30,"Core Training",2878.76,7.8708439658112
"391",2017-07-31,"Core Training",2873.63,7.67861626029056
"392",2017-08-31,"Core Training",2964.39,11.0795103252133
"393",2017-09-30,"Core Training",3093.76,15.9271708053704
"394",2017-10-31,"Core Training",3112.93,16.6454953891581
"395",2017-11-30,"Core Training",3126.43,17.1513577721071
"396",2017-12-31,"Core Training",3115.4,16.7380494695939
"397",2018-01-31,"Core Training",3127.81,17.2030681490308
"398",2018-02-28,"Core Training",3093.67,15.9237983894841
"399",2018-03-31,"Core Training",3153.52,18.1664549538916
"400",2018-04-30,"Core Training",3139.56,17.6433557786346
"401",2018-05-31,"Core Training",3153.47,18.1645813895103
"402",2018-06-30,"Core Training",3150.86,18.0667813288068
"403",2018-07-31,"Core Training",3145.41,17.8625628112459
"404",2018-08-31,"Core Training",3168.05,18.7109127630953
"405",2018-09-30,"Core Training",3200.64,19.9321020268219
"406",2018-10-31,"Core Training",3262.74,22.2590689883876
"407",2018-11-30,"Core Training",3259.87,22.1515263929014
"408",2018-12-31,"Core Training",3247.78,21.6984985255048
"409",2019-01-31,"Core Training",3251.97,21.8555032206572
"410",2019-02-28,"Core Training",3217.88,20.5781070254917
"411",2019-03-31,"Core Training",3272.2,22.6135473693282
"412",2019-04-30,"Core Training",3264.86,22.3385081181545
"413",2019-05-31,"Core Training",3276.41,22.7713014902331
"414",2019-06-30,"Core Training",3269.04,22.4951381004305
"415",2019-07-31,"Core Training",3262.13,22.2362115029359
"416",2019-08-31,"Core Training",2987.8,11.9567131685346
"417",2019-09-30,"Core Training",3603.58,35.0307826627846
"418",2019-10-31,"Core Training",3339,25.1166293827355
"419",2019-11-30,"Core Training",3345.8,25.3714341385913
"420",2019-12-31,"Core Training",3333.76,24.920279835576
"421",2020-01-31,"Core Training",3338.38,25.0933971844074
"422",2020-02-29,"Core Training",3294.39,23.445035241746
"423",2020-03-31,"Core Training",3353.39,25.6558412116716
"424",2020-04-30,"Core Training",3421.39,28.2038887702298
"425",2020-05-31,"Core Training",3428.26,28.4613165162195
"426",2020-06-30,"Core Training",3417.86,28.0716151249105
"427",2020-07-31,"Core Training",3412.59,27.8741414391223
"428",2020-08-31,"Core Training",3207.94,20.2056424264907
"429",2020-09-30,"Core Training",3456.47,29.5183815401449
"430",2020-10-31,"Core Training",3445.5,29.1073215148892
"431",2020-11-30,"Core Training",3447.1,29.1672755750906
"432",2020-12-31,"Core Training",3435.34,28.7266132326105
"433",2021-01-31,"Core Training",3441.27,28.9488179682318
"434",2021-02-28,"Core Training",3403.87,27.5473918110248
"435",2021-03-31,"Core Training",3434.95,28.7119994304364
"436",2021-04-30,"Core Training",3500.41,31.164869918425
"437",2021-05-31,"Core Training",3509.92,31.5212218637469
"438",2021-06-30,"Core Training",3508.16,31.4552723975254
"439",2021-07-31,"Core Training",3495.29,30.9730169257806
"440",2021-08-31,"Core Training",3358.12,25.8330804021419
"441",2021-09-30,"Core Training",3588.55,34.467589209768
"442",2021-10-31,"Core Training",3555.5,33.2291631537335
"443",2021-11-30,"Core Training",3562.83,33.503827692031
"444",2021-12-31,"Core Training",3554.54,33.1931907176126
"445",2009-09-30,"Foundation Doctor Year 2",2318.96,0
"446",2009-10-31,"Foundation Doctor Year 2",2319.19,0.00991823921068143
"447",2009-11-30,"Foundation Doctor Year 2",2321.49,0.109100631317476
"448",2009-12-31,"Foundation Doctor Year 2",2314.87,-0.176372166833414
"449",2010-01-31,"Foundation Doctor Year 2",2318.83,-0.00560596129299812
"450",2010-02-28,"Foundation Doctor Year 2",2319.08,0.00517473350121998
"451",2010-03-31,"Foundation Doctor Year 2",2321.47,0.108238175733939
"452",2010-04-30,"Foundation Doctor Year 2",2304.2,-0.636492220650646
"453",2010-05-31,"Foundation Doctor Year 2",2364.98,1.98451029771967
"454",2010-06-30,"Foundation Doctor Year 2",2347.01,1.20959395591128
"455",2010-07-31,"Foundation Doctor Year 2",2344.18,1.08755649084071
"456",2010-08-31,"Foundation Doctor Year 2",2254.17,-2.79392486286956
"457",2010-09-30,"Foundation Doctor Year 2",2345.16,1.12981681443405
"458",2010-10-31,"Foundation Doctor Year 2",2344.58,1.10480560251147
"459",2010-11-30,"Foundation Doctor Year 2",2343.67,1.06556387346052
"460",2010-12-31,"Foundation Doctor Year 2",2343.17,1.04400248387208
"461",2011-01-31,"Foundation Doctor Year 2",2342.95,1.03451547245316
"462",2011-02-28,"Foundation Doctor Year 2",2344.84,1.11601752509746
"463",2011-03-31,"Foundation Doctor Year 2",2344.98,1.12205471418222
"464",2011-04-30,"Foundation Doctor Year 2",2329.85,0.469607065236135
"465",2011-05-31,"Foundation Doctor Year 2",2346.04,1.1677648601097
"466",2011-06-30,"Foundation Doctor Year 2",2344.47,1.100062096802
"467",2011-07-31,"Foundation Doctor Year 2",2345.15,1.12938558664229
"468",2011-08-31,"Foundation Doctor Year 2",2282.26,-1.58260599579121
"469",2011-09-30,"Foundation Doctor Year 2",2345.33,1.13714768689412
"470",2011-10-31,"Foundation Doctor Year 2",2341.9,0.989236554317455
"471",2011-11-30,"Foundation Doctor Year 2",2342.25,1.00432952702936
"472",2011-12-31,"Foundation Doctor Year 2",2324.64,0.244937385724628
"473",2012-01-31,"Foundation Doctor Year 2",2341.21,0.959481836685411
"474",2012-02-29,"Foundation Doctor Year 2",2342.8,1.02804705557664
"475",2012-03-31,"Foundation Doctor Year 2",2342.71,1.02416600545072
"476",2012-04-30,"Foundation Doctor Year 2",2334.72,0.679614999827499
"477",2012-05-31,"Foundation Doctor Year 2",2343.91,1.07591334046296
"478",2012-06-30,"Foundation Doctor Year 2",2342.85,1.03020319453548
"479",2012-07-31,"Foundation Doctor Year 2",2342.52,1.01597267740711
"480",2012-08-31,"Foundation Doctor Year 2",2336.88,0.772760202849556
"481",2012-09-30,"Foundation Doctor Year 2",2347.89,1.24754200158691
"482",2012-10-31,"Foundation Doctor Year 2",2343.86,1.07375720150413
"483",2012-11-30,"Foundation Doctor Year 2",2344.13,1.08540035188188
"484",2012-12-31,"Foundation Doctor Year 2",2333.34,0.62010556456343
"485",2013-01-31,"Foundation Doctor Year 2",2344.8,1.11429261393039
"486",2013-02-28,"Foundation Doctor Year 2",2342.95,1.03451547245316
"487",2013-03-31,"Foundation Doctor Year 2",2343.7,1.06685755683581
"488",2013-04-30,"Foundation Doctor Year 2",2339.09,0.868061544830446
"489",2013-05-31,"Foundation Doctor Year 2",2389.98,3.06257977714148
"490",2013-06-30,"Foundation Doctor Year 2",2367.51,2.09361092903716
"491",2013-07-31,"Foundation Doctor Year 2",2365.14,1.99140994238796
"492",2013-08-31,"Foundation Doctor Year 2",2256.12,-2.70983544347467
"493",2013-09-30,"Foundation Doctor Year 2",2364.06,1.94483734087694
"494",2013-10-31,"Foundation Doctor Year 2",2360.56,1.79390761375789
"495",2013-11-30,"Foundation Doctor Year 2",2361.49,1.83401179839237
"496",2013-12-31,"Foundation Doctor Year 2",2351.17,1.38898471728706
"497",2014-01-31,"Foundation Doctor Year 2",2359.83,1.76242798495877
"498",2014-02-28,"Foundation Doctor Year 2",2360.49,1.7908890192155
"499",2014-03-31,"Foundation Doctor Year 2",2359.21,1.73569186186911
"500",2014-04-30,"Foundation Doctor Year 2",2356.6,1.62314140821747
"501",2014-05-31,"Foundation Doctor Year 2",2360.28,1.78183323558837
"502",2014-06-30,"Foundation Doctor Year 2",2361.52,1.83530548176769
"503",2014-07-31,"Foundation Doctor Year 2",2361.6,1.83875530410183
"504",2014-08-31,"Foundation Doctor Year 2",2225.85,-4.01516196915859
"505",2014-09-30,"Foundation Doctor Year 2",2361.33,1.82711215372408
"506",2014-10-31,"Foundation Doctor Year 2",2361.95,1.85384827681373
"507",2014-11-30,"Foundation Doctor Year 2",2359.05,1.72879221720082
"508",2014-12-31,"Foundation Doctor Year 2",2356.02,1.59813019629489
"509",2015-01-31,"Foundation Doctor Year 2",2360.29,1.78226446338013
"510",2015-02-28,"Foundation Doctor Year 2",2360.61,1.79606375271674
"511",2015-03-31,"Foundation Doctor Year 2",2360.4,1.78700796908959
"512",2015-04-30,"Foundation Doctor Year 2",2359.81,1.76156552937523
"513",2015-05-31,"Foundation Doctor Year 2",2362.16,1.86290406044088
"514",2015-06-30,"Foundation Doctor Year 2",2363.27,1.91077034532721
"515",2015-07-31,"Foundation Doctor Year 2",2361.16,1.81978128126401
"516",2015-08-31,"Foundation Doctor Year 2",2247.69,-3.07336047193569
"517",2015-09-30,"Foundation Doctor Year 2",2367.21,2.08067409528409
"518",2015-10-31,"Foundation Doctor Year 2",2364.68,1.9715734639666
"519",2015-11-30,"Foundation Doctor Year 2",2362.78,1.88964018353056
"520",2015-12-31,"Foundation Doctor Year 2",2360.34,1.78442060233898
"521",2016-01-31,"Foundation Doctor Year 2",2354.71,1.54163935557319
"522",2016-02-29,"Foundation Doctor Year 2",2339.87,0.901697312588395
"523",2016-03-31,"Foundation Doctor Year 2",2333.7,0.63562976506709
"524",2016-04-30,"Foundation Doctor Year 2",2312.22,-0.29064753165213
"525",2016-05-31,"Foundation Doctor Year 2",2331.42,0.537309828543832
"526",2016-06-30,"Foundation Doctor Year 2",2365.62,2.01210887639286
"527",2016-07-31,"Foundation Doctor Year 2",2382.36,2.73398419981371
"528",2016-08-31,"Foundation Doctor Year 2",2325.09,0.264342636354232
"529",2016-09-30,"Foundation Doctor Year 2",2384.94,2.84524097009004
"530",2016-10-31,"Foundation Doctor Year 2",2384.74,2.83661641425465
"531",2016-11-30,"Foundation Doctor Year 2",2382.67,2.74735226135854
"532",2016-12-31,"Foundation Doctor Year 2",2378.09,2.54984993272847
"533",2017-01-31,"Foundation Doctor Year 2",2389.04,3.02204436471521
"534",2017-02-28,"Foundation Doctor Year 2",2391.58,3.13157622382447
"535",2017-03-31,"Foundation Doctor Year 2",2390.58,3.0884534446476
"536",2017-04-30,"Foundation Doctor Year 2",2406.56,3.77755545589402
"537",2017-05-31,"Foundation Doctor Year 2",2465.41,6.31533101045295
"538",2017-06-30,"Foundation Doctor Year 2",2441.58,5.28771518266809
"539",2017-07-31,"Foundation Doctor Year 2",2445.04,5.43691999862007
"540",2017-08-31,"Foundation Doctor Year 2",2474.6,6.71162935108841
"541",2017-09-30,"Foundation Doctor Year 2",2567.01,10.6966053748232
"542",2017-10-31,"Foundation Doctor Year 2",2565.27,10.6215717390554
"543",2017-11-30,"Foundation Doctor Year 2",2566.27,10.6646945182323
"544",2017-12-31,"Foundation Doctor Year 2",2553.57,10.117035222686
"545",2018-01-31,"Foundation Doctor Year 2",2566.72,10.6840997688619
"546",2018-02-28,"Foundation Doctor Year 2",2565.24,10.6202780556801
"547",2018-03-31,"Foundation Doctor Year 2",2565.73,10.6414082174768
"548",2018-04-30,"Foundation Doctor Year 2",2561.31,10.450805533515
"549",2018-05-31,"Foundation Doctor Year 2",2566.75,10.6853934522372
"550",2018-06-30,"Foundation Doctor Year 2",2567.45,10.715579397661
"551",2018-07-31,"Foundation Doctor Year 2",2565.69,10.6396833063097
"552",2018-08-31,"Foundation Doctor Year 2",2566.07,10.6560699623969
"553",2018-09-30,"Foundation Doctor Year 2",2568.68,10.7686204160486
"554",2018-10-31,"Foundation Doctor Year 2",2619.38,12.954945320316
"555",2018-11-30,"Foundation Doctor Year 2",2619.31,12.9519267257736
"556",2018-12-31,"Foundation Doctor Year 2",2610.21,12.5595094352641
"557",2019-01-31,"Foundation Doctor Year 2",2616.04,12.8109152378652
"558",2019-02-28,"Foundation Doctor Year 2",2617.13,12.857919067168
"559",2019-03-31,"Foundation Doctor Year 2",2618.8,12.9299341083934
"560",2019-04-30,"Foundation Doctor Year 2",2612.88,12.6746472556663
"561",2019-05-31,"Foundation Doctor Year 2",2617.17,12.8596439783351
"562",2019-06-30,"Foundation Doctor Year 2",2616,12.8091903266982
"563",2019-07-31,"Foundation Doctor Year 2",2612.57,12.6612791941215
"564",2019-08-31,"Foundation Doctor Year 2",2360.46,1.7895953358402
"565",2019-09-30,"Foundation Doctor Year 2",2808.64,21.1163625073309
"566",2019-10-31,"Foundation Doctor Year 2",2664.98,14.9213440507814
"567",2019-11-30,"Foundation Doctor Year 2",2664.89,14.9174630006555
"568",2019-12-31,"Foundation Doctor Year 2",2651.61,14.3447924931866
"569",2020-01-31,"Foundation Doctor Year 2",2663.85,14.8726153103115
"570",2020-02-29,"Foundation Doctor Year 2",2655.32,14.5047780039328
"571",2020-03-31,"Foundation Doctor Year 2",2664.21,14.8881395108152
"572",2020-04-30,"Foundation Doctor Year 2",2719.82,17.2861972608411
"573",2020-05-31,"Foundation Doctor Year 2",2717.68,17.1939145134026
"574",2020-06-30,"Foundation Doctor Year 2",2721.12,17.342256873771
"575",2020-07-31,"Foundation Doctor Year 2",2717.72,17.1956394245696
"576",2020-08-31,"Foundation Doctor Year 2",2488.88,7.32742263773416
"577",2020-09-30,"Foundation Doctor Year 2",2721.34,17.3517438851899
"578",2020-10-31,"Foundation Doctor Year 2",2719.58,17.2758477938386
"579",2020-11-30,"Foundation Doctor Year 2",2718.82,17.2430744816642
"580",2020-12-31,"Foundation Doctor Year 2",2710.13,16.8683375306172
"581",2021-01-31,"Foundation Doctor Year 2",2718.24,17.2180632697416
"582",2021-02-28,"Foundation Doctor Year 2",2716.77,17.1546727843516
"583",2021-03-31,"Foundation Doctor Year 2",2717.81,17.1995204746956
"584",2021-04-30,"Foundation Doctor Year 2",2758.37,18.9485803981095
"585",2021-05-31,"Foundation Doctor Year 2",2774.77,19.6557939766102
"586",2021-06-30,"Foundation Doctor Year 2",2774.16,19.6294890813123
"587",2021-07-31,"Foundation Doctor Year 2",2777.63,19.7791251250561
"588",2021-08-31,"Foundation Doctor Year 2",2592.05,11.7763997654121
"589",2021-09-30,"Foundation Doctor Year 2",2775.23,19.6756304550316
"590",2021-10-31,"Foundation Doctor Year 2",2774.42,19.6407010038983
"591",2021-11-30,"Foundation Doctor Year 2",2774.57,19.6471694207748
"592",2021-12-31,"Foundation Doctor Year 2",2771.51,19.5152137164936
"593",2009-09-30,"Foundation Doctor Year 1",1865.5,0
"594",2009-10-31,"Foundation Doctor Year 1",1860.87,-0.248190833556693
"595",2009-11-30,"Foundation Doctor Year 1",1860.49,-0.268560707585097
"596",2009-12-31,"Foundation Doctor Year 1",1856.33,-0.491557223264544
"597",2010-01-31,"Foundation Doctor Year 1",1861.34,-0.222996515679447
"598",2010-02-28,"Foundation Doctor Year 1",1858.83,-0.357544894130264
"599",2010-03-31,"Foundation Doctor Year 1",1860.58,-0.263736263736268
"600",2010-04-30,"Foundation Doctor Year 1",1859.77,-0.307156258375772
"601",2010-05-31,"Foundation Doctor Year 1",1900.42,1.87188421334763
"602",2010-06-30,"Foundation Doctor Year 1",1880.77,0.818547306352183
"603",2010-07-31,"Foundation Doctor Year 1",1879.64,0.757973733583495
"604",2010-08-31,"Foundation Doctor Year 1",1842.15,-1.25167515411417
"605",2010-09-30,"Foundation Doctor Year 1",1881.46,0.855534709193248
"606",2010-10-31,"Foundation Doctor Year 1",1875.73,0.548378450817476
"607",2010-11-30,"Foundation Doctor Year 1",1876.49,0.589118198874297
"608",2010-12-31,"Foundation Doctor Year 1",1876.42,0.58536585365854
"609",2011-01-31,"Foundation Doctor Year 1",1877.84,0.661484856606803
"610",2011-02-28,"Foundation Doctor Year 1",1874.77,0.496917716429911
"611",2011-03-31,"Foundation Doctor Year 1",1875.57,0.539801661752878
"612",2011-04-30,"Foundation Doctor Year 1",1877.27,0.630930045564191
"613",2011-05-31,"Foundation Doctor Year 1",1878.58,0.701152506030551
"614",2011-06-30,"Foundation Doctor Year 1",1878.61,0.702760653980161
"615",2011-07-31,"Foundation Doctor Year 1",1878.29,0.685607075850976
"616",2011-08-31,"Foundation Doctor Year 1",1885.67,1.08121147145538
"617",2011-09-30,"Foundation Doctor Year 1",1882.05,0.887161618868934
"618",2011-10-31,"Foundation Doctor Year 1",1877.72,0.655052264808364
"619",2011-11-30,"Foundation Doctor Year 1",1878.46,0.694719914232111
"620",2011-12-31,"Foundation Doctor Year 1",1876.58,0.593942642723127
"621",2012-01-31,"Foundation Doctor Year 1",1880.76,0.818011257035647
"622",2012-02-29,"Foundation Doctor Year 1",1877.66,0.651835968909144
"623",2012-03-31,"Foundation Doctor Year 1",1880.54,0.806218172071829
"624",2012-04-30,"Foundation Doctor Year 1",1869.51,0.214955775931385
"625",2012-05-31,"Foundation Doctor Year 1",1880.76,0.818011257035647
"626",2012-06-30,"Foundation Doctor Year 1",1878.11,0.675958188153305
"627",2012-07-31,"Foundation Doctor Year 1",1877.71,0.654516215491827
"628",2012-08-31,"Foundation Doctor Year 1",2047.11,9.73519163763066
"629",2012-09-30,"Foundation Doctor Year 1",1885.26,1.05923344947735
"630",2012-10-31,"Foundation Doctor Year 1",1879.92,0.772983114446533
"631",2012-11-30,"Foundation Doctor Year 1",1878.54,0.699008308764404
"632",2012-12-31,"Foundation Doctor Year 1",1878.4,0.691503618332892
"633",2013-01-31,"Foundation Doctor Year 1",1882.32,0.901634950415435
"634",2013-02-28,"Foundation Doctor Year 1",1878.23,0.682390779951757
"635",2013-03-31,"Foundation Doctor Year 1",1878.94,0.720450281425894
"636",2013-04-30,"Foundation Doctor Year 1",1875.04,0.511391047976412
"637",2013-05-31,"Foundation Doctor Year 1",1917.68,2.7971053336907
"638",2013-06-30,"Foundation Doctor Year 1",1897.74,1.72822299651568
"639",2013-07-31,"Foundation Doctor Year 1",1906.59,2.20262664165103
"640",2013-08-31,"Foundation Doctor Year 1",1950.06,4.5328330206379
"641",2013-09-30,"Foundation Doctor Year 1",1901.3,1.91905655320289
"642",2013-10-31,"Foundation Doctor Year 1",1895.61,1.61404449209327
"643",2013-11-30,"Foundation Doctor Year 1",1896.27,1.64942374698472
"644",2013-12-31,"Foundation Doctor Year 1",1891.65,1.40176896274458
"645",2014-01-31,"Foundation Doctor Year 1",1897.42,1.7110694183865
"646",2014-02-28,"Foundation Doctor Year 1",1895.28,1.59635486464755
"647",2014-03-31,"Foundation Doctor Year 1",1894.88,1.57491289198607
"648",2014-04-30,"Foundation Doctor Year 1",1893.32,1.49128919860627
"649",2014-05-31,"Foundation Doctor Year 1",1897.88,1.7357276869472
"650",2014-06-30,"Foundation Doctor Year 1",1894.94,1.57812918788529
"651",2014-07-31,"Foundation Doctor Year 1",1896.39,1.65585633878317
"652",2014-08-31,"Foundation Doctor Year 1",1930.35,3.47627981774323
"653",2014-09-30,"Foundation Doctor Year 1",1900.78,1.89118198874296
"654",2014-10-31,"Foundation Doctor Year 1",1897.36,1.70785312248726
"655",2014-11-30,"Foundation Doctor Year 1",1899.27,1.81023854194586
"656",2014-12-31,"Foundation Doctor Year 1",1894.16,1.53631734119539
"657",2015-01-31,"Foundation Doctor Year 1",1898.48,1.76789064593943
"658",2015-02-28,"Foundation Doctor Year 1",1896.74,1.67461806486197
"659",2015-03-31,"Foundation Doctor Year 1",1896.12,1.64138300723666
"660",2015-04-30,"Foundation Doctor Year 1",1897.34,1.70678102385419
"661",2015-05-31,"Foundation Doctor Year 1",1898.47,1.76735459662289
"662",2015-06-30,"Foundation Doctor Year 1",1897.53,1.7169659608684
"663",2015-07-31,"Foundation Doctor Year 1",1898.66,1.7775395336371
"664",2015-08-31,"Foundation Doctor Year 1",1929.59,3.43554006968641
"665",2015-09-30,"Foundation Doctor Year 1",1898.68,1.77861163227017
"666",2015-10-31,"Foundation Doctor Year 1",1897.18,1.6982042347896
"667",2015-11-30,"Foundation Doctor Year 1",1895.95,1.63227016885554
"668",2015-12-31,"Foundation Doctor Year 1",1895.14,1.58885017421603
"669",2016-01-31,"Foundation Doctor Year 1",1887.9,1.20075046904316
"670",2016-02-29,"Foundation Doctor Year 1",1863.2,-0.123291342803535
"671",2016-03-31,"Foundation Doctor Year 1",1861.65,-0.206378986866787
"672",2016-04-30,"Foundation Doctor Year 1",1850.82,-0.786920396676498
"673",2016-05-31,"Foundation Doctor Year 1",1872.17,0.357544894130264
"674",2016-06-30,"Foundation Doctor Year 1",1899.63,1.8295363173412
"675",2016-07-31,"Foundation Doctor Year 1",1916.05,2.70972929509515
"676",2016-08-31,"Foundation Doctor Year 1",1941.06,4.05038863575449
"677",2016-09-30,"Foundation Doctor Year 1",1918.67,2.85017421602788
"678",2016-10-31,"Foundation Doctor Year 1",1914.48,2.62556955239882
"679",2016-11-30,"Foundation Doctor Year 1",1919.02,2.86893594210667
"680",2016-12-31,"Foundation Doctor Year 1",2111.86,13.2061109622085
"681",2017-01-31,"Foundation Doctor Year 1",2182.83,17.0104529616725
"682",2017-02-28,"Foundation Doctor Year 1",2183.77,17.060841597427
"683",2017-03-31,"Foundation Doctor Year 1",2185.74,17.1664433127848
"684",2017-04-30,"Foundation Doctor Year 1",2179.44,16.8287322433664
"685",2017-05-31,"Foundation Doctor Year 1",2232.83,19.6906995443581
"686",2017-06-30,"Foundation Doctor Year 1",2207.43,18.3291342803538
"687",2017-07-31,"Foundation Doctor Year 1",2205.47,18.2240686143125
"688",2017-08-31,"Foundation Doctor Year 1",2241.43,20.15170195658
"689",2017-09-30,"Foundation Doctor Year 1",2217.42,18.8646475475744
"690",2017-10-31,"Foundation Doctor Year 1",2217.09,18.8469579201287
"691",2017-11-30,"Foundation Doctor Year 1",2221.46,19.0812114714554
"692",2017-12-31,"Foundation Doctor Year 1",2209.49,18.4395604395604
"693",2018-01-31,"Foundation Doctor Year 1",2218.31,18.9123559367462
"694",2018-02-28,"Foundation Doctor Year 1",2216.44,18.8121147145537
"695",2018-03-31,"Foundation Doctor Year 1",2218.85,18.9413025998392
"696",2018-04-30,"Foundation Doctor Year 1",2214.78,18.7231305280086
"697",2018-05-31,"Foundation Doctor Year 1",2218.08,18.9000268024658
"698",2018-06-30,"Foundation Doctor Year 1",2218.28,18.9107477887966
"699",2018-07-31,"Foundation Doctor Year 1",2219,18.9493433395872
"700",2018-08-31,"Foundation Doctor Year 1",2355.24,26.252479228089
"701",2018-09-30,"Foundation Doctor Year 1",2222.42,19.1326722058429
"702",2018-10-31,"Foundation Doctor Year 1",2265.21,21.4264272313053
"703",2018-11-30,"Foundation Doctor Year 1",2265.78,21.4569820423479
"704",2018-12-31,"Foundation Doctor Year 1",2259.75,21.133744304476
"705",2019-01-31,"Foundation Doctor Year 1",2263.94,21.3583489681051
"706",2019-02-28,"Foundation Doctor Year 1",2263.36,21.3272581077459
"707",2019-03-31,"Foundation Doctor Year 1",2262.36,21.2736531760922
"708",2019-04-30,"Foundation Doctor Year 1",2260.82,21.1911015813455
"709",2019-05-31,"Foundation Doctor Year 1",2263.83,21.3524524256232
"710",2019-06-30,"Foundation Doctor Year 1",2265.41,21.437148217636
"711",2019-07-31,"Foundation Doctor Year 1",2262.98,21.3068882337175
"712",2019-08-31,"Foundation Doctor Year 1",1998.29,7.11819887429643
"713",2019-09-30,"Foundation Doctor Year 1",2353.92,26.1817207183061
"714",2019-10-31,"Foundation Doctor Year 1",2307.74,23.7062449745376
"715",2019-11-30,"Foundation Doctor Year 1",2306.42,23.6354864647548
"716",2019-12-31,"Foundation Doctor Year 1",2298.22,23.1959260251943
"717",2020-01-31,"Foundation Doctor Year 1",2306.09,23.617796837309
"718",2020-02-29,"Foundation Doctor Year 1",2308.31,23.7367997855803
"719",2020-03-31,"Foundation Doctor Year 1",2306.79,23.6553202894666
"720",2020-04-30,"Foundation Doctor Year 1",2336.01,25.2216563923881
"721",2020-05-31,"Foundation Doctor Year 1",2358.3,26.4165103189494
"722",2020-06-30,"Foundation Doctor Year 1",2359.49,26.4803001876172
"723",2020-07-31,"Foundation Doctor Year 1",2326.61,24.7177700348432
"724",2020-08-31,"Foundation Doctor Year 1",2211.79,18.562851782364
"725",2020-09-30,"Foundation Doctor Year 1",2355.37,26.259447869204
"726",2020-10-31,"Foundation Doctor Year 1",2353.88,26.1795765210399
"727",2020-11-30,"Foundation Doctor Year 1",2351.73,26.0643259179845
"728",2020-12-31,"Foundation Doctor Year 1",2348.05,25.8670597694988
"729",2021-01-31,"Foundation Doctor Year 1",2351.66,26.0605735727687
"730",2021-02-28,"Foundation Doctor Year 1",2354.33,26.2036987402841
"731",2021-03-31,"Foundation Doctor Year 1",2351.54,26.0541409809702
"732",2021-04-30,"Foundation Doctor Year 1",2385.78,27.8895738407934
"733",2021-05-31,"Foundation Doctor Year 1",2399.42,28.62074510855
"734",2021-06-30,"Foundation Doctor Year 1",2398,28.5446261056017
"735",2021-07-31,"Foundation Doctor Year 1",2396.49,28.4636826588046
"736",2021-08-31,"Foundation Doctor Year 1",2276.83,22.0493165371214
"737",2021-09-30,"Foundation Doctor Year 1",2400.24,28.664701152506
"738",2021-10-31,"Foundation Doctor Year 1",2390.95,28.166711337443
"739",2021-11-30,"Foundation Doctor Year 1",2399.59,28.6298579469311
"740",2021-12-31,"Foundation Doctor Year 1",2401.12,28.7118734923613
